id,movie_id,keyword_id
1,13,1
2,13,2
3,13,3
4,13,4
5,13,5
6,13,6
7,13,7
8,13,8
9,739,9
10,739,10
11,739,2
12,739,11
13,739,12
14,739,13
15,739,14
16,739,15
17,739,16
18,739,17
19,739,18
20,739,19
21,739,20
22,739,21
23,739,22
24,739,23
25,96,24
26,96,25
27,96,26
28,96,27
29,96,28
30,96,29
31,96,30
32,17,31
33,17,32
34,17,33
35,17,34
36,17,35
37,17,36
38,17,37
39,17,38
40,17,39
41,17,40
42,17,41
43,17,42
44,17,43
45,17,44
46,16,2
47,16,45
48,16,33
49,16,46
50,16,47
51,16,48
52,740,49
53,740,50
54,740,51
55,740,52
56,740,53
57,740,54
58,740,55
59,740,56
60,740,57
61,740,58
62,435,59
63,435,60
64,435,33
65,435,61
66,435,35
67,435,62
68,435,17
69,435,63
70,435,64
71,435,65
72,435,66
73,435,67
74,435,68
75,435,69
76,15,70
77,15,33
78,15,71
79,15,72
80,15,73
81,15,74
82,15,39
83,15,75
84,741,76
85,741,77
86,741,78
87,741,79
88,741,56
89,741,57
90,741,80
91,741,81
92,99,82
93,99,83
94,99,84
95,99,85
96,99,86
97,99,87
98,99,88
99,99,89
100,52,90
101,52,91
102,52,92
103,52,93
104,52,94
105,52,95
106,52,96
107,52,97
108,52,98
109,52,99
110,52,100
111,52,101
112,52,40
113,52,102
114,52,103
115,52,104
116,52,105
117,52,106
118,52,75
119,52,107
120,742,108
121,742,109
122,742,77
123,742,39
124,742,40
125,742,110
126,742,111
127,742,78
128,742,112
129,742,113
130,742,114
131,742,115
132,742,116
133,742,117
134,492,118
135,492,119
136,492,120
137,492,121
138,492,122
139,492,123
140,492,124
141,492,125
142,492,126
143,492,127
144,492,128
145,492,129
146,492,130
147,492,131
148,492,132
149,492,133
150,44,134
151,44,135
152,44,136
153,44,137
154,44,138
155,378,139
156,378,59
157,378,140
158,378,141
159,378,142
160,378,143
161,378,60
162,378,144
163,378,145
164,378,146
165,378,147
166,378,148
167,378,35
168,378,62
169,378,17
170,378,149
171,378,150
172,378,64
173,378,151
174,378,152
175,21,153
176,21,154
177,21,45
178,21,12
179,21,155
180,21,34
181,21,156
182,21,157
183,21,158
184,21,159
185,21,39
186,21,160
187,21,132
188,21,161
189,744,162
190,744,163
191,744,164
192,744,165
193,744,166
194,744,167
195,745,168
196,745,169
197,745,12
198,745,170
199,630,171
200,630,172
201,630,173
202,630,174
203,116,175
204,116,176
205,116,177
206,116,178
207,116,179
208,116,180
209,116,181
210,116,182
211,116,183
212,116,123
213,116,15
214,116,184
215,116,185
216,116,186
217,116,187
218,116,188
219,116,189
220,116,190
221,116,191
222,116,17
223,116,192
224,116,193
225,116,194
226,116,195
227,116,196
228,116,197
229,116,198
230,116,199
231,116,200
232,116,201
233,116,202
234,116,203
235,116,204
236,116,205
237,116,206
238,116,207
239,116,208
240,116,209
241,116,210
242,116,211
243,116,212
244,116,213
245,116,214
246,116,215
247,116,216
248,116,217
249,116,218
250,116,219
251,116,220
252,116,221
253,116,58
254,116,222
255,116,223
256,116,224
257,14,225
258,14,226
259,14,154
260,14,83
261,14,227
262,14,228
263,14,229
264,14,36
265,14,230
266,14,231
267,14,232
268,14,233
269,14,234
270,14,235
271,14,236
272,747,168
273,747,237
274,747,238
275,69,239
276,69,240
277,69,241
278,69,242
279,69,243
280,69,244
281,69,245
282,69,246
283,22,247
284,22,248
285,22,249
286,22,162
287,22,250
288,22,33
289,22,251
290,22,252
291,22,253
292,22,254
293,22,255
294,22,256
295,22,257
296,22,258
297,22,259
298,22,260
299,22,261
300,22,262
301,750,263
302,750,264
303,750,265
304,750,266
305,750,267
306,750,268
307,750,269
308,750,270
309,751,271
310,751,272
311,751,273
312,19,274
313,19,275
314,19,276
315,19,277
316,752,278
317,752,279
318,752,280
319,48,281
320,48,282
321,48,283
322,120,284
323,120,285
324,120,286
325,120,186
326,120,287
327,120,288
328,120,289
329,120,290
330,120,291
331,120,292
332,91,293
333,91,294
334,91,295
335,91,226
336,91,296
337,91,297
338,91,298
339,91,299
340,91,300
341,91,301
342,91,184
343,91,302
344,91,303
345,91,304
346,91,305
347,91,306
348,91,307
349,91,55
350,753,308
351,753,309
352,753,310
353,753,311
354,753,312
355,26,313
356,26,227
357,26,230
358,26,314
359,26,315
360,26,316
361,26,317
362,26,318
363,26,319
364,26,67
365,26,320
366,26,321
367,26,261
368,26,322
369,26,323
370,26,221
371,26,324
372,26,325
373,26,326
374,26,327
375,26,328
376,754,329
377,754,330
378,754,15
379,754,331
380,754,332
381,755,9
382,755,333
383,755,13
384,755,334
385,755,172
386,755,335
387,755,336
388,755,217
389,755,219
390,755,337
391,756,338
392,757,339
393,757,340
394,757,341
395,757,342
396,757,343
397,757,344
398,757,345
399,757,346
400,757,347
401,757,348
402,757,290
403,757,349
404,757,350
405,757,351
406,757,352
407,757,130
408,757,353
409,757,354
410,757,355
411,757,356
412,757,357
413,757,358
414,758,1
415,758,359
416,758,360
417,758,2
418,758,45
419,758,361
420,758,362
421,758,363
422,758,364
423,758,365
424,28,366
425,28,33
426,28,367
427,28,368
428,28,369
429,28,278
430,28,370
431,28,371
432,28,372
433,28,373
434,28,222
435,28,374
436,54,375
437,54,376
438,54,377
439,54,186
440,54,378
441,54,379
442,54,380
443,54,165
444,54,381
445,54,382
446,54,383
447,54,75
448,54,384
449,54,385
450,41,386
451,41,387
452,41,388
453,41,389
454,41,390
455,41,391
456,41,392
457,41,393
458,41,162
459,41,394
460,41,136
461,41,395
462,41,186
463,41,396
464,41,397
465,41,398
466,41,399
467,41,400
468,41,401
469,41,402
470,41,403
471,41,404
472,41,405
473,41,406
474,41,407
475,41,272
476,41,408
477,41,409
478,41,268
479,41,270
480,41,410
481,759,411
482,759,412
483,759,287
484,759,413
485,759,414
486,759,415
487,759,416
488,759,417
489,759,418
490,759,419
491,759,420
492,760,169
493,760,421
494,760,422
495,760,423
496,760,424
497,760,425
498,45,168
499,45,169
500,45,426
501,45,45
502,45,33
503,45,427
504,45,251
505,45,428
506,45,159
507,45,326
508,45,374
509,761,145
510,761,429
511,761,430
512,762,431
513,762,432
514,762,433
515,29,434
516,29,435
517,29,436
518,29,230
519,29,437
520,29,438
521,763,439
522,763,440
523,763,441
524,763,442
525,764,443
526,764,444
527,764,445
528,764,446
529,766,447
530,766,287
531,766,290
532,766,172
533,766,163
534,766,448
535,766,449
536,766,384
537,74,450
538,74,451
539,74,2
540,74,12
541,74,84
542,74,452
543,74,453
544,74,454
545,74,455
546,74,39
547,74,6
548,74,456
549,38,457
550,38,458
551,38,459
552,38,219
553,38,161
554,53,460
555,53,45
556,53,461
557,53,462
558,53,251
559,53,463
560,53,464
561,53,465
562,53,466
563,53,47
564,53,467
565,53,468
566,768,469
567,768,470
568,768,14
569,768,408
570,768,332
571,769,471
572,769,472
573,769,473
574,769,186
575,769,474
576,769,475
577,769,258
578,769,476
579,769,477
580,769,478
581,769,479
582,769,480
583,769,481
584,769,222
585,769,482
586,769,483
587,226,1
588,226,2
589,226,3
590,226,45
591,226,82
592,226,12
593,226,33
594,226,484
595,25,2
596,25,12
597,25,485
598,25,486
599,25,487
600,25,488
601,770,489
602,770,490
603,770,491
604,770,492
605,770,493
606,770,494
607,770,495
608,771,184
609,771,491
610,771,496
611,771,266
612,20,497
613,20,498
614,20,118
615,20,264
616,20,499
617,20,429
618,20,396
619,20,500
620,20,501
621,20,502
622,20,503
623,20,504
624,20,505
625,20,506
626,20,273
627,20,507
628,20,508
629,337,338
630,773,509
631,773,83
632,773,485
633,773,108
634,773,76
635,773,40
636,773,206
637,773,510
638,774,511
639,774,512
640,774,513
641,774,71
642,774,514
643,774,491
644,774,40
645,774,515
646,774,516
647,720,33
648,720,25
649,720,517
650,720,309
651,720,518
652,775,45
653,775,436
654,775,12
655,775,33
656,775,304
657,775,149
658,775,519
659,775,20
660,775,520
661,104,33
662,104,14
663,104,521
664,104,522
665,104,463
666,104,523
667,104,524
668,104,525
669,104,526
670,104,527
671,776,338
672,776,528
673,500,118
674,500,33
675,49,529
676,49,530
677,49,531
678,49,31
679,49,532
680,49,32
681,49,533
682,49,534
683,49,535
684,49,536
685,49,537
686,49,36
687,49,463
688,49,37
689,49,538
690,49,539
691,49,40
692,49,41
693,49,43
694,49,540
695,777,429
696,777,541
697,777,542
698,777,543
699,777,524
700,777,519
701,777,544
702,777,545
703,202,546
704,202,547
705,202,118
706,202,548
707,202,549
708,202,550
709,202,551
710,202,552
711,202,33
712,202,553
713,202,554
714,202,26
715,202,278
716,202,555
717,202,556
718,202,557
719,202,558
720,202,309
721,202,559
722,202,560
723,202,561
724,202,562
725,202,563
726,202,564
727,202,565
728,202,566
729,202,567
730,778,568
731,778,569
732,778,570
733,66,387
734,66,571
735,66,143
736,66,145
737,66,572
738,66,573
739,66,574
740,66,575
741,66,195
742,66,576
743,66,577
744,66,578
745,66,579
746,66,213
747,66,449
748,66,580
749,66,268
750,132,581
751,132,582
752,132,583
753,132,388
754,132,584
755,132,585
756,132,586
757,132,162
758,132,587
759,132,588
760,132,589
761,132,590
762,132,591
763,132,592
764,132,536
765,132,84
766,132,76
767,132,593
768,132,474
769,132,594
770,132,595
771,132,596
772,132,597
773,132,598
774,132,599
775,132,307
776,132,600
777,132,601
778,132,602
779,132,603
780,132,604
781,132,79
782,132,268
783,132,235
784,493,387
785,493,1
786,493,605
787,493,451
788,493,606
789,493,607
790,493,2
791,493,45
792,493,608
793,493,33
794,493,609
795,493,486
796,493,610
797,493,611
798,493,612
799,493,39
800,493,40
801,493,6
802,493,613
803,493,614
804,493,8
805,493,615
806,493,616
807,493,617
808,78,618
809,78,118
810,78,619
811,78,620
812,78,621
813,78,622
814,78,623
815,78,624
816,78,625
817,78,33
818,78,626
819,78,627
820,78,252
821,78,628
822,78,629
823,78,630
824,78,631
825,78,632
826,78,633
827,78,634
828,78,635
829,78,636
830,78,637
831,78,638
832,78,639
833,78,640
834,78,641
835,78,642
836,78,408
837,78,643
838,78,644
839,79,153
840,79,529
841,79,118
842,79,45
843,79,645
844,79,646
845,79,647
846,79,648
847,79,649
848,79,650
849,79,651
850,79,159
851,79,39
852,79,40
853,79,652
854,79,653
855,79,487
856,79,654
857,79,526
858,79,655
859,79,656
860,513,497
861,513,118
862,513,548
863,513,549
864,513,550
865,513,451
866,513,248
867,513,657
868,513,658
869,513,659
870,513,660
871,513,661
872,513,33
873,513,662
874,513,663
875,513,664
876,513,149
877,513,665
878,513,278
879,513,555
880,513,556
881,513,259
882,513,557
883,513,666
884,513,309
885,513,667
886,513,559
887,513,668
888,513,560
889,513,669
890,513,670
891,513,671
892,513,561
893,513,672
894,513,364
895,513,673
896,513,562
897,513,674
898,513,675
899,513,564
900,513,567
901,513,676
902,513,677
903,779,76
904,779,308
905,779,678
906,779,679
907,779,78
908,779,680
909,779,238
910,524,1
911,524,681
912,524,682
913,524,658
914,524,499
915,524,683
916,524,684
917,524,685
918,524,686
919,524,554
920,524,664
921,524,687
922,524,688
923,524,505
924,524,689
925,524,690
926,524,691
927,524,692
928,51,693
929,51,694
930,51,695
931,51,223
932,143,431
933,143,33
934,143,696
935,143,230
936,143,39
937,143,653
938,143,697
939,143,698
940,143,699
941,780,694
942,780,285
943,780,228
944,780,700
945,780,695
946,780,314
947,780,701
948,780,702
949,780,703
950,780,704
951,34,705
952,34,706
953,781,707
954,781,708
955,781,709
956,782,710
957,782,711
958,782,712
959,85,249
960,85,713
961,85,45
962,85,251
963,85,714
964,85,25
965,85,715
966,85,39
967,85,40
968,85,716
969,85,717
970,85,510
971,85,47
972,85,718
973,85,719
974,85,720
975,85,292
976,83,387
977,83,1
978,83,450
979,83,2
980,83,45
981,83,608
982,83,12
983,83,33
984,83,626
985,83,721
986,83,722
987,83,723
988,83,724
989,83,463
990,83,725
991,83,455
992,83,726
993,83,486
994,83,727
995,83,46
996,83,523
997,83,728
998,83,729
999,83,614
1000,83,730
1001,83,731
1002,83,732
1003,83,8
1004,83,733
1005,83,734
1006,83,735
1007,402,118
1008,402,548
1009,402,549
1010,402,550
1011,402,451
1012,402,657
1013,402,658
1014,402,736
1015,402,551
1016,402,737
1017,402,552
1018,402,659
1019,402,738
1020,402,554
1021,402,739
1022,402,740
1023,402,741
1024,402,278
1025,402,259
1026,402,557
1027,402,558
1028,402,309
1029,402,667
1030,402,668
1031,402,560
1032,402,671
1033,402,561
1034,402,562
1035,402,292
1036,402,674
1037,402,564
1038,402,565
1039,103,387
1040,103,168
1041,103,742
1042,103,743
1043,103,33
1044,103,744
1045,103,745
1046,103,746
1047,103,39
1048,103,747
1049,103,748
1050,103,749
1051,103,415
1052,103,750
1053,103,751
1054,103,752
1055,103,753
1056,103,754
1057,103,755
1058,103,756
1059,103,757
1060,30,758
1061,30,264
1062,30,33
1063,30,759
1064,30,760
1065,59,1
1066,59,2
1067,59,588
1068,59,12
1069,59,33
1070,59,35
1071,59,39
1072,59,40
1073,59,6
1074,59,290
1075,59,597
1076,59,761
1077,59,762
1091,55,693
1092,55,2
1093,55,48
1094,190,153
1095,190,168
1096,190,1
1097,190,763
1098,190,530
1099,190,2
1100,190,764
1101,190,532
1102,190,45
1103,190,12
1104,190,14
1105,190,765
1106,190,766
1107,190,767
1108,190,76
1109,190,768
1110,190,769
1111,190,46
1112,190,39
1113,190,770
1114,190,363
1115,190,771
1116,190,614
1117,190,772
1118,783,773
1119,783,61
1120,783,15
1121,783,774
1122,783,775
1123,783,196
1124,783,776
1125,783,777
1126,783,778
1127,783,779
1128,783,780
1129,783,781
1130,499,782
1131,499,783
1132,499,153
1133,499,784
1134,499,118
1135,499,451
1136,499,785
1137,499,786
1138,499,787
1139,499,624
1140,499,788
1141,499,789
1142,499,278
1143,499,555
1144,499,790
1145,499,791
1146,499,165
1147,499,792
1148,499,793
1149,35,284
1150,35,470
1151,35,33
1152,35,15
1153,35,794
1154,35,568
1155,35,795
1156,35,796
1157,35,287
1158,35,797
1159,35,798
1160,35,678
1161,35,799
1162,35,800
1163,35,519
1164,35,801
1165,35,802
1166,35,803
1167,35,804
1168,35,805
1169,35,806
1170,35,807
1171,35,580
1172,35,808
1173,35,809
1174,35,810
1175,35,811
1176,35,812
1177,35,813
1178,241,814
1179,241,583
1180,241,815
1181,241,816
1182,241,162
1183,241,817
1184,241,818
1185,241,819
1186,241,588
1187,241,820
1188,241,83
1189,241,84
1190,241,186
1191,241,821
1192,241,634
1193,241,822
1194,241,823
1195,786,824
1196,786,116
1197,214,782
1198,214,783
1199,214,153
1200,214,825
1201,214,451
1202,214,826
1203,214,827
1204,214,786
1205,214,787
1206,214,828
1207,214,435
1208,214,788
1209,214,766
1210,214,829
1211,214,830
1212,214,555
1213,214,39
1214,214,831
1215,214,790
1216,214,832
1217,214,833
1218,214,791
1219,214,834
1220,214,165
1221,214,835
1222,214,793
1223,787,118
1224,787,836
1225,787,837
1226,787,838
1227,787,839
1228,787,463
1229,787,840
1230,787,841
1231,787,842
1232,787,843
1233,787,844
1234,788,845
1235,152,846
1236,152,153
1237,152,847
1238,152,547
1239,152,118
1240,152,848
1241,152,849
1242,152,850
1243,152,851
1244,152,852
1245,152,853
1246,152,854
1247,152,855
1248,152,856
1249,152,505
1250,152,857
1251,152,858
1252,152,235
1253,144,118
1254,144,226
1255,144,162
1256,144,737
1257,144,313
1258,144,859
1259,144,860
1260,144,303
1261,144,861
1262,144,165
1263,102,862
1264,102,586
1265,102,83
1266,102,863
1267,102,864
1268,102,865
1269,102,866
1270,102,867
1271,254,868
1272,254,33
1273,254,14
1274,254,25
1275,254,40
1276,254,517
1277,254,309
1278,254,518
1279,206,90
1280,206,606
1281,206,82
1282,206,869
1283,206,838
1284,206,33
1285,206,870
1286,206,252
1287,206,871
1288,206,872
1289,206,873
1290,206,679
1291,206,874
1292,206,364
1293,206,875
1294,530,876
1295,530,877
1296,530,878
1297,473,168
1298,473,2
1299,473,12
1300,473,879
1301,473,768
1302,473,39
1303,473,40
1304,473,6
1305,473,790
1306,473,160
1307,220,880
1308,220,33
1309,220,881
1310,220,882
1311,220,883
1312,220,884
1313,790,885
1314,790,429
1315,790,886
1316,790,186
1317,790,287
1318,790,887
1319,790,888
1320,790,889
1321,790,890
1322,790,891
1323,298,529
1324,298,892
1325,298,893
1326,298,894
1327,298,895
1328,298,45
1329,298,12
1330,298,15
1331,298,344
1332,298,896
1333,298,897
1334,298,304
1335,298,898
1336,298,899
1337,298,900
1338,298,901
1339,298,902
1340,298,363
1341,298,903
1342,298,317
1343,298,519
1344,298,904
1345,298,112
1346,298,905
1347,298,906
1348,298,907
1349,46,908
1350,46,35
1351,46,909
1352,23,910
1353,23,911
1354,23,912
1355,23,913
1356,23,914
1357,23,915
1358,23,916
1359,23,917
1360,23,918
1361,236,782
1362,236,919
1363,236,549
1364,236,451
1365,236,920
1366,236,921
1367,236,786
1368,236,787
1369,236,661
1370,236,828
1371,236,146
1372,236,922
1373,236,555
1374,236,39
1375,236,790
1376,236,791
1377,236,165
1378,236,793
1379,60,923
1380,60,924
1381,60,40
1382,60,925
1383,60,273
1384,60,138
1385,60,926
1386,60,927
1387,94,928
1388,94,436
1389,94,227
1390,94,151
1391,94,40
1392,94,929
1393,68,118
1394,68,930
1395,68,931
1396,68,932
1397,68,933
1398,68,934
1399,68,935
1400,68,936
1401,68,937
1402,68,938
1403,68,939
1404,68,940
1405,67,941
1406,67,876
1407,67,330
1408,67,33
1409,67,942
1410,505,943
1411,505,944
1412,505,945
1413,505,607
1414,505,946
1415,505,2
1416,505,3
1417,505,947
1418,505,12
1419,505,609
1420,505,744
1421,505,628
1422,505,948
1423,505,896
1424,505,949
1425,505,455
1426,505,46
1427,505,415
1428,505,950
1429,212,951
1430,212,952
1431,212,479
1432,212,953
1433,31,2
1434,31,3
1435,31,954
1436,31,12
1437,31,39
1438,31,40
1439,543,139
1440,543,119
1441,543,955
1442,543,956
1443,543,957
1444,543,958
1445,543,959
1446,543,960
1447,543,45
1448,543,436
1449,543,961
1450,543,52
1451,543,647
1452,543,700
1453,543,187
1454,543,962
1455,543,963
1456,543,964
1457,543,542
1458,543,965
1459,543,557
1460,543,966
1461,543,967
1462,543,968
1463,543,969
1464,543,970
1465,497,359
1466,497,971
1467,497,972
1468,497,45
1469,497,973
1470,497,974
1471,497,975
1472,497,976
1473,497,977
1474,497,978
1475,497,979
1476,497,980
1477,497,981
1478,497,982
1479,497,40
1480,497,363
1481,497,47
1482,497,927
1483,791,330
1484,791,983
1485,791,984
1489,792,985
1490,792,986
1491,793,987
1492,793,988
1493,793,989
1494,794,990
1495,794,991
1496,794,992
1497,489,895
1498,489,739
1499,489,993
1500,489,604
1501,213,994
1502,213,995
1503,213,996
1504,213,997
1505,213,998
1506,213,999
1507,213,920
1508,213,1000
1509,213,1001
1510,213,1002
1511,213,1003
1512,213,1004
1513,213,1005
1514,213,396
1515,213,554
1516,213,1006
1517,213,1007
1518,213,39
1519,213,1008
1520,213,1009
1521,43,1010
1522,43,330
1523,43,287
1524,43,1011
1525,43,1012
1526,43,73
1527,43,1013
1528,43,238
1529,43,699
1530,127,387
1531,127,2
1532,127,1014
1533,127,12
1534,127,1015
1535,127,486
1536,127,39
1537,127,40
1538,127,6
1539,519,583
1540,519,530
1541,519,2
1542,519,3
1543,519,82
1544,519,12
1545,519,39
1546,519,40
1547,519,1016
1548,519,1017
1549,519,1018
1550,519,1019
1551,519,484
1552,56,1020
1553,56,1021
1554,56,568
1555,56,1022
1556,56,1023
1557,56,213
1558,56,1024
1559,56,222
1560,208,951
1561,208,1025
1562,208,1026
1563,208,479
1564,208,1027
1565,243,782
1566,243,618
1567,243,763
1568,243,1028
1569,243,118
1570,243,1029
1571,243,1030
1572,243,431
1573,243,1031
1574,243,1032
1575,243,1033
1576,243,147
1577,243,554
1578,243,308
1579,243,278
1580,243,40
1581,243,505
1582,243,559
1583,243,1034
1584,243,165
1585,243,1035
1586,243,561
1587,92,1036
1588,92,1037
1589,92,1038
1590,92,1039
1591,92,695
1592,92,1040
1593,92,1041
1594,92,1042
1595,92,1043
1596,92,323
1597,129,1044
1598,129,1045
1599,129,34
1600,129,40
1601,129,1046
1602,129,1047
1603,129,1048
1604,129,235
1605,272,1
1606,272,894
1607,272,2
1608,272,3
1609,272,45
1610,272,12
1611,272,33
1612,272,629
1613,272,36
1614,272,39
1615,272,1017
1616,272,1049
1617,272,468
1618,272,1050
1619,272,484
1620,795,1051
1621,795,1052
1622,73,153
1623,73,534
1624,73,39
1625,73,1053
1626,73,309
1627,73,311
1628,73,481
1629,73,357
1630,227,876
1631,227,894
1632,227,607
1633,227,946
1634,227,2
1635,227,1054
1636,227,1055
1637,227,12
1638,227,609
1639,227,744
1640,227,184
1641,227,1056
1642,227,1057
1643,227,496
1644,227,39
1645,227,1058
1646,227,1059
1647,227,415
1648,227,639
1649,227,516
1650,227,328
1651,796,168
1652,796,2
1653,796,141
1654,796,143
1655,796,11
1656,796,12
1657,796,14
1658,796,1060
1659,796,609
1660,796,628
1661,796,16
1662,796,1061
1663,796,1062
1664,796,62
1665,796,1063
1666,796,840
1667,796,415
1668,796,1064
1669,796,1065
1670,796,1066
1671,796,561
1672,796,409
1673,796,1067
1674,796,328
1675,75,239
1676,75,584
1677,75,1068
1678,75,1069
1679,75,396
1680,75,554
1681,75,502
1682,75,161
1683,161,1070
1684,161,554
1685,161,1071
1686,161,1072
1687,161,1073
1688,161,161
1689,106,118
1690,106,606
1691,106,1074
1692,106,1075
1693,106,1076
1694,106,1077
1695,106,685
1696,106,744
1697,106,1078
1698,106,185
1699,106,1079
1700,106,1080
1701,106,1081
1702,106,1082
1703,106,1083
1704,106,1084
1705,106,1085
1706,106,1086
1707,106,1087
1708,106,172
1709,106,505
1710,106,1088
1711,106,1089
1712,134,1090
1713,134,447
1714,134,1091
1715,134,108
1716,134,186
1717,134,1092
1718,134,278
1719,134,1093
1720,134,1094
1721,134,290
1722,134,67
1723,134,1095
1724,134,526
1725,134,1096
1726,134,1097
1727,134,1098
1728,134,238
1729,134,80
1730,134,699
1731,134,1099
1732,134,1100
1733,800,329
1734,800,118
1735,800,1101
1736,800,1102
1737,800,33
1738,800,879
1739,800,1103
1740,800,909
1741,800,1104
1742,89,9
1743,89,118
1744,89,1105
1745,89,1106
1746,89,1107
1747,89,499
1748,89,1108
1749,89,1109
1750,89,1110
1751,89,429
1752,89,1111
1753,89,1112
1754,89,1113
1755,89,1114
1756,89,1115
1757,89,1116
1758,89,1117
1759,89,1118
1760,89,771
1761,89,403
1762,89,505
1763,89,1119
1764,89,1120
1765,89,1121
1766,89,1122
1767,801,387
1768,801,1123
1769,801,1124
1770,801,1125
1771,801,1126
1772,801,1127
1773,801,1128
1774,801,1129
1775,801,1130
1776,801,1131
1777,801,1132
1778,801,1133
1779,194,1134
1780,194,1135
1781,194,33
1782,194,1114
1783,194,502
1784,194,1136
1785,194,1137
1786,194,364
1787,194,222
1788,802,1138
1789,802,1139
1790,173,139
1791,173,329
1792,173,1140
1793,173,59
1794,173,1141
1795,173,1142
1796,173,45
1797,173,1143
1798,173,1144
1799,173,1145
1800,173,1146
1801,173,1147
1802,173,1148
1803,173,1149
1804,803,1150
1805,803,542
1806,803,1051
1807,804,118
1808,804,178
1809,804,186
1810,804,1151
1811,804,64
1812,804,1152
1813,804,1153
1814,804,1154
1815,405,1155
1816,40,1
1817,40,2
1818,40,4
1819,40,954
1820,40,12
1821,40,33
1822,40,5
1823,40,39
1824,40,40
1825,40,927
1826,211,782
1827,211,90
1828,211,1028
1829,211,1029
1830,211,451
1831,211,787
1832,211,1156
1833,211,788
1834,211,554
1835,211,555
1836,211,1157
1837,211,790
1838,211,791
1839,211,165
1840,211,561
1841,211,793
1842,62,225
1843,62,606
1844,62,366
1845,62,1158
1846,62,1159
1847,62,1108
1848,62,1160
1849,62,1161
1850,62,1162
1851,62,369
1852,62,40
1853,62,1163
1854,62,505
1855,62,1164
1856,62,1165
1857,62,1166
1858,62,372
1859,62,1167
1860,62,1168
1861,62,1169
1862,62,1170
1863,805,1171
1864,805,118
1865,805,1172
1866,805,1173
1867,805,1174
1868,805,1128
1869,805,1175
1870,805,881
1871,805,290
1872,805,269
1873,805,1067
1874,525,782
1875,525,1010
1876,525,995
1877,525,1176
1878,525,1177
1879,525,1178
1880,525,225
1881,525,997
1882,525,1179
1883,525,1180
1884,525,1181
1885,525,1005
1886,525,1182
1887,525,1006
1888,525,1183
1889,525,39
1890,525,1184
1891,525,1185
1892,451,994
1893,451,1036
1894,451,436
1895,451,33
1896,87,1186
1897,87,1187
1898,87,481
1899,87,75
1900,462,338
1901,125,118
1902,125,1188
1903,125,13
1904,81,758
1905,81,118
1906,81,263
1907,81,264
1908,81,230
1909,81,1189
1910,47,1190
1911,47,13
1912,47,15
1913,47,568
1914,47,774
1915,47,1162
1916,258,1191
1917,258,118
1918,258,451
1919,258,431
1920,258,1192
1921,258,1193
1922,258,1194
1923,258,1195
1924,258,659
1925,258,45
1926,258,1196
1927,258,1197
1928,258,1198
1929,258,1199
1930,258,251
1931,258,553
1932,258,290
1933,258,1200
1934,258,905
1935,258,1201
1936,258,1139
1937,258,984
1938,258,79
1939,200,1202
1940,200,547
1941,200,743
1942,200,1203
1943,200,944
1944,200,1204
1945,200,880
1946,200,176
1947,200,470
1948,200,13
1949,200,1205
1950,200,14
1951,200,609
1952,200,744
1953,200,1206
1954,200,1207
1955,200,1111
1956,200,1208
1957,200,1209
1958,200,492
1959,200,1210
1960,200,503
1961,200,1211
1962,200,1212
1963,200,1066
1964,808,1213
1965,808,572
1966,808,1214
1967,808,1215
1968,808,1216
1969,808,767
1970,808,1217
1971,808,1218
1972,808,1219
1973,808,1220
1974,71,153
1975,71,45
1976,71,828
1977,71,1221
1978,71,436
1979,71,34
1980,71,186
1981,71,1222
1982,71,39
1983,71,290
1984,71,1223
1985,71,1224
1986,71,719
1987,71,1225
1988,71,1226
1989,113,1227
1990,113,1228
1991,113,1229
1992,113,1230
1993,113,1231
1994,113,705
1995,113,39
1996,113,1232
1997,113,706
1998,113,602
1999,113,79
2000,113,1233
2001,113,643
2002,57,1234
2003,57,84
2004,57,186
2005,57,634
2006,57,597
2007,57,173
2008,57,1235
2009,57,1236
2010,57,1237
2011,57,1238
2012,139,2
2013,139,435
2014,139,588
2015,139,1239
2016,139,12
2017,139,33
2018,139,1015
2019,139,486
2020,139,6
2021,139,1240
2022,139,307
2023,139,1241
2024,139,698
2025,139,1242
2026,139,268
2027,139,269
2028,139,644
2029,139,1099
2030,809,161
2039,810,338
2040,381,239
2041,381,497
2042,381,118
2043,381,548
2044,381,549
2045,381,550
2046,381,451
2047,381,657
2048,381,658
2049,381,659
2050,381,1243
2051,381,33
2052,381,554
2053,381,664
2054,381,1244
2055,381,665
2056,381,1245
2057,381,278
2058,381,555
2059,381,259
2060,381,557
2061,381,309
2062,381,667
2063,381,559
2064,381,668
2065,381,560
2066,381,824
2067,381,671
2068,381,1246
2069,381,561
2070,381,562
2071,381,1247
2072,381,675
2073,381,564
2074,148,1248
2075,148,1176
2076,148,546
2077,148,1177
2078,148,1249
2079,148,139
2080,148,1250
2081,148,1251
2082,148,1005
2083,148,1006
2084,148,1007
2085,148,1252
2086,148,39
2087,148,1253
2088,148,1254
2089,148,1255
2090,148,1184
2091,811,1227
2092,811,1256
2093,811,1257
2094,811,1258
2095,811,1259
2096,811,1260
2097,811,1261
2098,811,1262
2099,292,782
2100,292,90
2101,292,118
2102,292,451
2103,292,785
2104,292,1263
2105,292,737
2106,292,1002
2107,292,787
2108,292,828
2109,292,624
2110,292,1264
2111,292,788
2112,292,1231
2113,292,553
2114,292,555
2115,292,1157
2116,292,790
2117,292,791
2118,292,165
2119,292,793
2120,495,387
2121,495,2
2122,495,1265
2123,495,12
2124,495,455
2125,495,1266
2126,495,486
2127,495,1267
2128,495,196
2129,495,290
2130,495,614
2131,495,1268
2132,495,112
2133,495,1269
2134,495,1270
2135,495,733
2136,495,161
2137,495,1271
2138,495,484
2139,156,118
2140,156,1272
2141,156,1143
2142,156,1273
2143,156,1274
2144,156,1275
2145,156,441
2146,812,1276
2147,812,138
2148,674,634
2149,114,1277
2150,114,1278
2151,114,1102
2152,114,1279
2153,114,1280
2154,114,1281
2155,114,39
2156,114,40
2157,114,1282
2158,114,1283
2159,114,1284
2160,814,1285
2161,814,1286
2162,814,885
2163,814,499
2164,814,1287
2165,814,1288
2166,814,1289
2167,814,1290
2168,814,1291
2169,814,1292
2170,814,1293
2171,814,1294
2172,814,1295
2173,814,1296
2174,814,1297
2175,230,1298
2176,230,606
2177,230,1299
2178,230,1033
2179,230,333
2180,230,45
2181,230,851
2182,230,436
2183,230,1300
2184,230,15
2185,230,1301
2186,230,1302
2187,230,663
2188,230,1303
2189,230,463
2190,230,1304
2191,230,1305
2192,230,1306
2193,230,1307
2194,230,602
2195,230,644
2196,657,585
2197,657,1102
2198,657,1308
2199,657,1309
2200,657,77
2201,657,1310
2202,657,1311
2203,657,1312
2204,657,526
2205,657,409
2206,657,1313
2207,815,999
2208,815,108
2209,815,1314
2210,815,76
2211,815,984
2212,815,751
2213,815,1099
2214,149,1202
2215,149,1103
2216,149,463
2217,149,40
2218,149,1315
2219,149,1316
2220,149,160
2221,149,1317
2222,149,1318
2223,149,699
2224,149,1319
2225,267,1320
2226,267,1321
2227,267,1322
2228,267,153
2229,267,1323
2230,267,389
2231,267,392
2232,267,1324
2233,267,118
2234,267,1325
2235,267,1326
2236,267,971
2237,267,1327
2238,267,571
2239,267,1328
2240,267,1329
2241,267,1330
2242,267,1331
2243,267,1332
2244,267,536
2245,267,428
2246,267,1274
2247,267,502
2248,267,1333
2249,267,1310
2250,267,1334
2251,267,904
2252,267,1335
2253,267,161
2254,267,1336
2255,267,1337
2256,816,618
2257,816,995
2258,816,1338
2259,816,1339
2260,816,1340
2261,816,1341
2262,816,1342
2263,816,1343
2264,816,376
2265,816,1344
2266,816,429
2267,816,1345
2268,816,124
2269,816,627
2270,816,1346
2271,816,99
2272,816,863
2273,816,1347
2274,816,1348
2275,816,1113
2276,816,1349
2277,816,1350
2278,816,1351
2279,816,1352
2280,816,1353
2281,816,102
2282,816,1354
2283,816,1355
2284,816,291
2285,816,409
2286,816,969
2287,816,328
2288,817,139
2289,817,1044
2290,817,451
2291,817,1142
2292,817,1356
2293,817,143
2294,817,45
2295,817,436
2296,817,1357
2297,817,1358
2298,817,1359
2299,817,1360
2300,817,647
2301,817,791
2302,817,322
2303,818,9
2304,818,1361
2305,818,1362
2306,818,343
2307,818,304
2308,818,771
2309,818,1363
2310,818,1364
2311,818,1365
2312,818,1366
2313,818,1367
2314,818,1368
2315,818,355
2316,818,604
2317,818,1369
2318,818,1370
2319,818,1371
2320,819,338
2321,819,528
2322,820,1372
2323,820,1075
2324,820,1373
2325,820,1374
2326,820,186
2327,820,1375
2328,820,1376
2329,820,1377
2330,820,1378
2331,820,1379
2332,820,448
2333,153,1323
2334,153,1380
2335,153,1381
2336,153,1382
2337,153,1383
2338,153,1384
2339,153,1385
2340,391,1386
2341,391,1387
2342,391,1075
2343,391,880
2344,391,1388
2345,391,1076
2346,391,14
2347,391,744
2348,391,1078
2349,391,1079
2350,391,1389
2351,391,514
2352,391,172
2353,391,78
2354,391,1390
2355,391,161
2356,391,482
2357,391,22
2358,391,907
2359,391,1313
2360,821,1372
2361,821,1391
2362,821,1075
2363,821,1392
2364,821,1393
2365,821,1394
2366,821,227
2367,821,1374
2368,821,186
2369,821,1375
2370,821,542
2371,821,1395
2372,821,1377
2373,821,524
2374,821,1379
2375,330,1396
2376,330,387
2377,330,389
2378,330,2
2379,330,12
2380,330,1162
2381,330,39
2382,330,40
2383,330,6
2384,330,317
2385,172,388
2386,172,239
2387,172,1397
2388,172,1398
2389,172,1399
2390,172,983
2391,172,33
2392,172,1400
2393,172,1401
2394,172,138
2395,172,1380
2396,172,1402
2397,172,1403
2398,172,161
2399,172,1404
2400,540,168
2401,540,1202
2402,540,743
2403,540,1075
2404,540,1405
2405,540,1406
2406,540,33
2407,540,14
2408,540,1407
2409,540,1408
2410,540,172
2411,540,415
2412,540,1409
2413,540,1410
2414,540,698
2415,540,1411
2416,540,409
2417,540,58
2418,540,1412
2419,163,1413
2420,163,1414
2421,163,911
2422,163,1415
2423,163,1416
2424,163,1417
2425,163,1418
2426,163,1419
2427,163,161
2428,502,2
2429,502,1420
2430,502,1421
2431,502,33
2432,502,14
2433,502,1422
2434,502,1423
2435,502,1424
2436,502,1425
2437,502,639
2438,502,510
2439,250,1426
2440,250,1
2441,250,118
2442,250,681
2443,250,1427
2444,250,1428
2445,250,1429
2446,250,499
2447,250,1430
2448,250,1431
2449,250,1432
2450,250,1433
2451,250,1434
2452,250,1110
2453,250,429
2454,250,1435
2455,250,863
2456,250,1436
2457,250,1437
2458,250,1438
2459,250,1439
2460,250,1440
2461,321,153
2462,321,1441
2463,321,1442
2464,321,1443
2465,321,1444
2466,321,45
2467,321,1445
2468,321,1446
2469,321,33
2470,321,1447
2471,321,1448
2472,321,1449
2473,321,1450
2474,321,40
2475,321,1451
2476,321,1452
2477,321,1453
2478,503,225
2479,503,1339
2480,503,955
2481,503,911
2482,503,1454
2483,503,1455
2484,503,45
2485,503,608
2486,503,975
2487,503,1456
2488,503,1457
2489,503,1458
2490,503,766
2491,503,428
2492,503,463
2493,503,648
2494,503,1459
2495,503,770
2496,503,558
2497,503,1460
2498,503,1461
2499,297,547
2500,297,118
2501,297,1328
2502,297,3
2503,297,1462
2504,297,1463
2505,297,1464
2506,297,429
2507,297,1465
2508,297,1466
2509,297,52
2510,297,1467
2511,297,1468
2512,297,1469
2513,297,897
2514,297,1470
2515,297,1471
2516,297,1472
2517,297,197
2518,297,1473
2519,297,524
2520,297,519
2521,297,1474
2522,297,1475
2523,297,1476
2524,297,1477
2525,297,1478
2526,297,1479
2527,297,1480
2528,297,984
2529,297,324
2530,297,884
2531,297,1481
2532,736,387
2533,736,919
2534,736,1482
2535,736,1483
2536,736,388
2537,736,1028
2538,736,1484
2539,736,162
2540,736,3
2541,736,1485
2542,736,588
2543,736,1486
2544,736,82
2545,736,485
2546,736,1374
2547,736,1407
2548,736,1487
2549,736,1488
2550,736,1489
2551,736,1490
2552,736,634
2553,736,502
2554,736,1491
2555,736,1492
2556,736,1424
2557,736,1493
2558,736,1494
2559,736,1495
2560,736,1496
2561,736,561
2562,736,115
2563,736,161
2564,332,782
2565,332,90
2566,332,1497
2567,332,451
2568,332,1391
2569,332,606
2570,332,1498
2571,332,141
2572,332,786
2573,332,787
2574,332,828
2575,332,1499
2576,332,193
2577,332,555
2578,332,790
2579,332,791
2580,332,1500
2581,332,1501
2582,332,1502
2583,332,165
2584,332,793
2585,568,1503
2586,568,1504
2587,568,932
2588,568,1505
2589,568,33
2590,568,1360
2591,568,1506
2592,568,568
2593,568,1182
2594,568,1507
2595,568,458
2596,568,492
2597,568,1508
2598,568,1509
2599,304,2
2600,304,12
2601,304,39
2602,304,732
2603,112,263
2604,112,264
2605,112,1510
2606,112,705
2607,112,463
2608,112,39
2609,112,1232
2610,112,706
2611,822,1396
2612,822,1511
2613,822,1512
2614,822,166
2615,822,1513
2616,394,1514
2617,394,33
2618,394,83
2619,394,108
2620,394,109
2621,394,76
2622,823,782
2623,823,153
2624,823,784
2625,823,547
2626,823,226
2627,823,1515
2628,823,1516
2629,823,451
2630,823,658
2631,823,1517
2632,823,136
2633,823,933
2634,823,1518
2635,823,1069
2636,823,829
2637,823,1519
2638,823,555
2639,823,790
2640,823,791
2641,823,165
2642,823,793
2643,242,451
2644,242,2
2645,242,12
2646,242,612
2647,242,39
2648,242,40
2649,242,6
2650,119,33
2651,119,39
2652,119,1520
2653,119,570
2654,119,905
2655,315,1299
2656,315,1033
2657,315,1195
2658,315,851
2659,315,436
2660,315,1300
2661,315,13
2662,315,473
2663,315,663
2664,315,463
2665,315,1521
2666,315,309
2667,315,160
2668,315,1522
2669,223,1523
2670,223,451
2671,223,31
2672,223,1524
2673,223,141
2674,223,1525
2675,223,436
2676,223,1526
2677,223,932
2678,223,1527
2679,223,536
2680,223,1528
2681,223,1529
2682,223,35
2683,223,186
2684,223,1530
2685,223,1531
2686,223,1532
2687,223,1533
2688,824,2
2689,824,12
2690,824,455
2691,824,486
2692,824,39
2693,824,40
2694,824,1423
2695,826,784
2696,826,240
2697,826,1406
2698,826,1534
2699,826,230
2700,826,1535
2701,826,74
2702,826,1536
2703,826,39
2704,826,40
2705,826,110
2706,826,904
2707,826,307
2708,826,1537
2709,238,1538
2710,238,1539
2711,238,1540
2712,238,1541
2713,238,1542
2714,238,979
2715,238,1543
2716,238,25
2717,238,40
2718,238,1544
2719,238,1545
2720,238,1546
2721,238,1547
2722,238,1537
2723,238,321
2724,827,33
2725,827,522
2726,827,463
2727,827,525
2728,299,2
2729,299,12
2730,299,33
2731,299,1548
2732,299,39
2733,299,40
2734,299,6
2735,299,317
2736,299,1549
2737,299,1242
2738,299,1550
2739,299,1551
2740,299,1552
2741,299,1553
2742,299,1554
2743,299,1555
2744,299,1556
2745,299,1557
2746,299,1558
2747,65,1361
2748,65,470
2749,65,869
2750,65,1559
2751,65,15
2752,65,184
2753,65,568
2754,65,1560
2755,65,1561
2756,65,1562
2757,65,1563
2758,65,1564
2759,65,909
2760,65,1565
2761,65,236
2762,829,1566
2763,829,1567
2764,829,1568
2765,162,1
2766,162,2
2767,162,868
2768,162,12
2769,162,33
2770,162,486
2771,162,634
2772,162,1569
2773,162,39
2774,162,40
2775,162,6
2776,162,456
2777,162,1570
2778,162,1571
2779,475,814
2780,475,815
2781,475,1572
2782,475,1573
2783,475,588
2784,475,1574
2785,475,1575
2786,475,1576
2787,475,1577
2788,475,1578
2789,475,1579
2790,475,83
2791,475,84
2792,475,186
2793,475,629
2794,475,1580
2795,475,1581
2796,475,823
2797,475,1582
2798,475,1583
2799,475,643
2800,554,919
2801,554,388
2802,554,1584
2803,554,1585
2804,554,1586
2805,554,1140
2806,554,1587
2807,554,1588
2808,554,1589
2809,554,1590
2810,554,435
2811,554,1591
2812,554,868
2813,554,124
2814,554,1592
2815,554,1593
2816,554,1594
2817,554,632
2818,554,151
2819,554,1315
2820,554,833
2821,554,1595
2822,554,1088
2823,554,1596
2824,554,604
2825,554,1336
2826,554,643
2827,554,1319
2828,554,1597
2829,150,247
2830,150,582
2831,150,618
2832,150,497
2833,150,118
2834,150,1391
2835,150,162
2836,150,1598
2837,150,622
2838,150,623
2839,150,1599
2840,150,1600
2841,150,1601
2842,150,14
2843,150,1602
2844,150,521
2845,150,84
2846,150,1603
2847,150,629
2848,150,631
2849,150,1604
2850,150,632
2851,150,633
2852,150,634
2853,150,635
2854,150,637
2855,150,801
2856,150,904
2857,150,641
2858,150,698
2859,150,604
2860,150,1605
2861,150,643
2862,266,846
2863,266,1191
2864,266,451
2865,266,248
2866,266,431
2867,266,1193
2868,266,1606
2869,266,1101
2870,266,1195
2871,266,45
2872,266,1607
2873,266,1197
2874,266,33
2875,266,251
2876,266,553
2877,266,1200
2878,266,1608
2879,266,1201
2880,510,546
2881,510,497
2882,510,1609
2883,510,743
2884,510,1610
2885,510,3
2886,510,1611
2887,510,1612
2888,510,24
2889,510,1407
2890,510,1613
2891,510,1614
2892,510,55
2893,510,1615
2894,510,238
2895,333,693
2896,333,2
2897,333,436
2898,333,1616
2899,333,614
2900,219,33
2901,219,1617
2902,219,1618
2903,219,557
2904,217,1619
2905,217,1620
2906,217,1621
2907,217,1622
2908,217,283
2909,180,1396
2910,180,10
2911,180,118
2912,180,1623
2913,180,1414
2914,180,376
2915,180,1624
2916,180,1625
2917,180,1626
2918,180,1627
2919,180,40
2920,180,290
2921,180,1628
2922,180,165
2923,180,1065
2924,180,561
2925,180,1629
2926,180,1630
2927,180,1631
2928,830,118
2929,830,154
2930,830,1328
2931,830,1632
2932,830,1110
2933,830,1633
2934,830,1634
2935,830,1635
2936,830,1636
2937,830,1637
2938,830,1638
2939,528,782
2940,528,90
2941,528,784
2942,528,451
2943,528,787
2944,528,1639
2945,528,987
2946,528,1640
2947,528,788
2948,528,829
2949,528,1594
2950,528,1641
2951,528,555
2952,528,1642
2953,528,790
2954,528,791
2955,528,165
2956,528,793
2957,567,994
2958,567,995
2959,567,1643
2960,567,33
2961,567,1644
2962,567,1005
2963,567,1645
2964,567,368
2965,567,1006
2966,567,64
2967,567,1252
2968,567,1646
2969,197,763
2970,197,571
2971,197,1647
2972,197,457
2973,197,60
2974,197,145
2975,197,179
2976,197,1648
2977,197,429
2978,197,1649
2979,197,1650
2980,197,64
2981,197,430
2982,197,1651
2983,197,1652
2984,197,1653
2985,831,911
2986,831,991
2987,832,411
2988,832,763
2989,832,1654
2990,832,1655
2991,832,838
2992,832,1511
2993,832,1230
2994,832,1656
2995,832,1657
2996,832,1658
2997,832,1659
2998,832,904
2999,832,1537
3000,832,1269
3001,832,1660
3002,832,909
3003,832,1661
3004,832,166
3005,832,1662
3006,832,1663
3007,188,1664
3008,188,2
3009,188,1486
3010,188,1665
3011,188,12
3012,188,39
3013,188,6
3014,188,1666
3015,188,1242
3016,188,1555
3017,290,1667
3018,290,1668
3019,290,285
3020,290,124
3021,290,951
3022,290,186
3023,290,1348
3024,290,1669
3025,290,1025
3026,290,1670
3027,290,952
3028,290,290
3029,290,1567
3030,290,1671
3031,290,479
3032,228,743
3033,228,1672
3034,228,1498
3035,228,1673
3036,228,1102
3037,228,1674
3038,228,1675
3039,228,1676
3040,228,305
3041,228,1677
3042,228,1678
3043,228,1679
3044,228,1680
3045,228,1404
3046,833,1588
3047,833,1681
3048,833,632
3049,833,1682
3050,833,1683
3051,833,1492
3052,98,837
3053,98,1684
3054,98,501
3055,98,1685
3056,118,225
3057,118,366
3058,118,33
3059,118,1686
3060,118,109
3061,118,369
3062,118,370
3063,128,2
3064,128,45
3065,128,485
3066,128,1687
3067,128,486
3068,128,487
3069,128,488
3070,834,451
3071,834,788
3072,834,1688
3073,834,1689
3074,834,1690
3075,560,118
3076,560,548
3077,560,549
3078,560,550
3079,560,451
3080,560,1691
3081,560,920
3082,560,1692
3083,560,1693
3084,560,1694
3085,560,552
3086,560,1695
3087,560,1696
3088,560,1697
3089,560,629
3090,560,1698
3091,560,278
3092,560,555
3093,560,556
3094,560,1699
3095,560,259
3096,560,557
3097,560,1700
3098,560,1701
3099,560,1702
3100,560,558
3101,560,666
3102,560,309
3103,560,559
3104,560,560
3105,560,671
3106,560,1703
3107,560,561
3108,560,673
3109,560,562
3110,560,1704
3111,560,161
3112,560,566
3113,445,1176
3114,445,1177
3115,445,1523
3116,445,1705
3117,445,59
3118,445,827
3119,445,1706
3120,445,1340
3121,445,1181
3122,445,1005
3123,445,368
3124,445,1006
3125,445,1707
3126,445,1708
3127,445,1709
3128,445,39
3129,445,1254
3130,445,1710
3131,218,782
3132,218,971
3133,218,1711
3134,218,1712
3135,218,451
3136,218,1713
3137,218,648
3138,218,1714
3139,218,1715
3140,218,1716
3141,218,706
3142,262,1717
3143,262,1372
3144,262,1591
3145,262,33
3146,262,1374
3147,262,185
3148,262,1375
3149,262,739
3150,262,1718
3151,262,1719
3152,262,1720
3153,262,40
3154,262,1088
3155,262,430
3156,262,1721
3157,262,1722
3158,262,1653
3159,837,784
3160,837,999
3161,837,571
3162,837,1713
3163,837,1274
3164,837,739
3165,837,1649
3166,837,1719
3167,837,64
3168,837,791
3169,837,1723
3170,837,1653
3171,169,329
3172,169,70
3173,169,330
3174,169,1724
3175,169,33
3176,169,853
3177,169,15
3178,169,1725
3179,169,1487
3180,169,72
3181,169,73
3182,169,1726
3183,169,173
3184,169,1727
3185,169,1728
3186,264,584
3187,264,2
3188,264,12
3189,264,33
3190,264,486
3191,264,40
3192,264,6
3193,264,1729
3194,264,1730
3195,264,1242
3196,404,582
3197,404,814
3198,404,1609
3199,404,584
3200,404,1731
3201,404,162
3202,404,33
3203,404,1489
3204,404,287
3205,404,1103
3206,404,1732
3207,404,1733
3208,404,1734
3209,404,604
3210,404,409
3211,839,1735
3212,839,499
3213,839,120
3214,839,1736
3215,839,1737
3216,839,1738
3217,839,470
3218,839,1110
3219,839,429
3220,839,1739
3221,839,1740
3222,839,185
3223,839,396
3224,839,1741
3225,839,1742
3226,839,1743
3227,839,1744
3228,839,1745
3229,839,1746
3230,839,161
3231,490,1747
3232,490,1748
3233,490,420
3234,490,1749
3235,490,236
3236,459,1750
3237,459,1751
3238,459,33
3239,459,123
3240,459,1604
3241,459,1490
3242,459,1752
3243,459,1310
3244,459,1753
3245,459,1754
3246,459,604
3247,251,581
3248,251,153
3249,251,239
3250,251,1285
3251,251,45
3252,251,1591
3253,251,535
3254,251,975
3255,251,251
3256,251,1457
3257,251,34
3258,251,1447
3259,251,1755
3260,251,1756
3261,251,1757
3262,251,1758
3263,251,1759
3264,251,1451
3265,251,1760
3266,251,1761
3267,572,153
3268,572,1762
3269,572,530
3270,572,136
3271,572,1763
3272,572,25
3273,572,40
3274,572,1764
3275,572,517
3276,572,309
3277,572,1522
3278,572,1765
3279,572,518
3280,339,814
3281,339,583
3282,339,1766
3283,339,588
3284,339,1767
3285,339,1768
3286,339,82
3287,339,33
3288,339,83
3289,339,84
3290,339,629
3291,339,76
3292,339,474
3293,339,453
3294,339,1769
3295,339,1770
3296,339,823
3297,339,1771
3298,339,1509
3299,84,168
3300,84,1772
3301,84,1773
3302,84,1774
3303,84,1775
3304,483,619
3305,483,1692
3306,483,1204
3307,483,607
3308,483,946
3309,483,2
3310,483,1776
3311,483,1777
3312,483,12
3313,483,1778
3314,483,609
3315,483,628
3316,483,1779
3317,483,1593
3318,483,1780
3319,483,1781
3320,483,1782
3321,483,1783
3322,483,1784
3323,193,1785
3324,193,2
3325,193,1665
3326,193,12
3327,193,14
3328,193,39
3329,193,6
3330,193,1786
3331,193,1242
3332,193,1555
3333,193,1787
3334,252,1788
3335,252,366
3336,252,33
3337,252,228
3338,252,367
3339,252,474
3340,252,1789
3341,252,1790
3342,252,1791
3343,252,1792
3344,578,1793
3345,578,955
3346,578,1794
3347,578,338
3348,578,1795
3349,578,1567
3350,578,1796
3351,842,429
3352,842,543
3353,842,967
3354,842,1797
3355,174,571
3356,174,45
3357,174,33
3358,174,230
3359,174,40
3360,174,363
3361,174,47
3362,174,1798
3363,843,1799
3364,843,1800
3365,843,1801
3366,843,1802
3367,843,1803
3368,843,1804
3369,843,909
3370,843,133
3371,843,1805
3372,287,1191
3373,287,451
3374,287,1204
3375,287,431
3376,287,1806
3377,287,45
3378,287,436
3379,287,1807
3380,287,1808
3381,287,1809
3382,287,1810
3383,287,1752
3384,287,1811
3385,287,40
3386,287,1812
3387,287,1813
3388,287,1814
3389,124,606
3390,124,499
3391,124,1815
3392,124,1511
3393,124,1816
3394,124,1817
3395,124,1818
3396,124,1819
3397,124,1658
3398,124,1820
3399,124,706
3400,124,1821
3401,124,1822
3402,124,280
3403,124,1823
3404,124,905
3405,124,1440
3406,192,1
3407,192,607
3408,192,2
3409,192,12
3410,192,1824
3411,192,455
3412,192,39
3413,192,1825
3414,192,1423
3415,192,1826
3416,192,1827
3417,192,875
3418,192,884
3419,601,931
3420,601,1828
3421,601,1829
3422,601,1830
3423,601,33
3424,601,634
3425,601,1831
3426,601,1832
3427,312,1833
3428,844,1834
3429,844,298
3430,844,1835
3431,844,1836
3432,844,238
3433,844,1295
3434,458,1837
3435,458,1838
3436,458,1839
3437,458,1840
3438,458,1841
3439,458,859
3440,458,1103
3441,458,1469
3442,458,1480
3443,458,905
3444,458,526
3445,458,984
3446,458,161
3447,458,1233
3448,458,1842
3449,458,1843
3450,204,225
3451,204,118
3452,204,1844
3453,204,559
3454,204,1845
3455,204,1846
3456,178,445
3457,178,162
3458,178,1847
3459,178,470
3460,178,1599
3461,178,15
3462,178,1848
3463,178,1302
3464,178,1849
3465,178,17
3466,178,1850
3467,178,639
3468,178,1851
3469,178,1537
3470,178,1852
3471,178,1853
3472,178,238
3473,484,706
3474,845,1854
3475,164,118
3476,164,33
3477,164,695
3478,164,369
3479,164,1855
3480,164,1856
3481,164,1857
3482,501,1191
3483,501,451
3484,501,1858
3485,501,1859
3486,501,532
3487,501,45
3488,501,436
3489,501,521
3490,501,1860
3491,501,1861
3492,501,987
3493,501,1862
3494,501,1697
3495,501,308
3496,501,1863
3497,501,1864
3498,501,1811
3499,501,39
3500,501,1865
3501,501,290
3502,501,1241
3503,501,1814
3504,205,1668
3505,205,9
3506,205,119
3507,205,1227
3508,205,1866
3509,205,1503
3510,205,1172
3511,205,1867
3512,205,1868
3513,205,1655
3514,205,975
3515,205,1869
3516,205,1870
3517,205,1871
3518,205,1872
3519,205,1873
3520,205,1874
3521,205,1875
3522,205,1269
3523,205,1876
3524,205,1877
3525,205,1878
3526,205,1879
3527,205,1880
3528,205,1881
3529,205,55
3530,232,1882
3531,498,1414
3532,498,1484
3533,498,705
3534,498,952
3535,498,1883
3536,498,1884
3537,498,1885
3538,244,582
3539,244,1227
3540,244,971
3541,244,619
3542,244,76
3543,244,1886
3544,244,1887
3545,244,1888
3546,244,292
3547,244,1889
3548,846,1191
3549,846,1717
3550,846,1195
3551,846,659
3552,846,45
3553,846,1890
3554,846,436
3555,846,1891
3556,846,1892
3557,846,1811
3558,846,1893
3559,846,352
3560,846,698
3561,846,1098
3562,846,238
3563,846,699
3564,846,1099
3565,122,33
3566,122,1200
3567,847,953
3568,848,436
3569,848,227
3570,848,1894
3571,296,297
3572,296,1895
3573,296,436
3574,296,33
3575,296,108
3576,296,1697
3577,296,40
3578,296,1896
3579,296,1241
3580,296,510
3581,296,520
3582,700,359
3583,700,118
3584,700,1414
3585,700,1624
3586,700,829
3587,700,1628
3588,700,165
3589,700,1065
3590,700,561
3591,700,1630
3592,319,1766
3593,319,657
3594,319,2
3595,319,12
3596,319,33
3597,319,1897
3598,319,455
3617,406,995
3618,406,784
3619,406,1766
3620,406,693
3621,406,118
3622,406,657
3623,406,1898
3624,406,1899
3625,406,124
3626,406,125
3627,406,186
3628,406,1900
3629,406,1901
3630,406,1902
3631,406,474
3632,406,1903
3633,406,1904
3634,406,1905
3635,406,1906
3636,406,1907
3637,406,1908
3638,406,1909
3639,406,317
3640,406,1910
3641,406,1364
3642,406,1911
3643,406,1912
3644,406,1913
3645,406,1914
3646,406,1915
3647,406,1916
3648,406,1917
3649,406,448
3650,406,875
3651,406,384
3652,406,1918
3653,849,1919
3654,849,1920
3655,849,1274
3656,849,230
3657,849,1921
3658,849,1544
3659,849,1801
3660,849,1804
3661,849,909
3662,546,118
3663,546,1172
3664,546,33
3665,546,881
3666,377,880
3667,377,881
3668,377,882
3669,377,884
3670,850,411
3671,850,162
3672,850,1922
3673,850,1923
3674,850,774
3675,850,1924
3676,850,1925
3677,850,1926
3678,850,1927
3679,850,1928
3680,850,1929
3681,850,1930
3682,850,1931
3683,850,1932
3684,850,1933
3685,324,1511
3686,324,35
3687,324,1934
3688,324,151
3689,324,1935
3690,324,1936
3691,324,1937
3692,324,1938
3693,185,2
3694,185,485
3695,185,1687
3696,185,486
3697,185,487
3698,185,488
3699,151,1
3700,151,2
3701,151,45
3702,151,1939
3703,151,369
3704,151,40
3705,151,363
3706,151,1940
3707,151,365
3708,151,1941
3709,151,1942
3729,323,1178
3730,323,1943
3731,295,1944
3732,295,1945
3733,295,82
3734,295,83
3735,295,227
3736,295,1946
3737,295,1947
3738,295,158
3739,295,1948
3740,295,1949
3741,295,1950
3742,295,1951
3743,295,1952
3744,295,1953
3745,295,1954
3746,295,1955
3747,295,604
3748,295,409
3749,852,1956
3750,852,1957
3751,852,1958
3752,853,1959
3753,853,1960
3754,853,1961
3755,507,154
3756,507,36
3757,507,308
3758,507,1962
3759,507,652
3760,507,831
3761,507,1963
3762,507,1964
3763,507,1410
3764,507,562
3765,854,1965
3766,854,1966
3767,854,1967
3768,854,932
3769,854,1505
3770,854,1360
3771,854,568
3772,854,1968
3773,854,1182
3774,854,458
3775,854,1508
3776,854,1969
3777,854,1970
3778,854,1971
3779,855,1068
3780,855,228
3781,855,25
3782,855,259
3783,855,68
3784,856,1972
3785,856,1030
3786,856,1973
3787,856,1414
3788,856,12
3789,856,1974
3790,856,629
3791,856,1687
3792,856,740
3793,856,1924
3794,856,1975
3795,856,1976
3796,314,1766
3797,314,606
3798,314,2
3799,314,12
3800,314,609
3801,314,35
3802,314,189
3803,314,1818
3804,314,455
3805,314,727
3806,314,610
3807,314,1162
3808,314,1977
3809,314,1978
3810,314,1979
3811,314,40
3812,314,1980
3813,314,614
3814,314,1981
3815,314,1066
3816,314,1961
3817,311,1191
3818,311,1010
3819,311,426
3820,311,1982
3821,311,45
3822,311,436
3823,311,1983
3824,311,1228
3825,311,1984
3826,311,429
3827,311,186
3828,311,553
3829,311,768
3830,311,1742
3831,311,1985
3832,311,1641
3833,311,1986
3834,311,1987
3835,311,1811
3836,311,1988
3837,311,1821
3838,311,307
3839,311,273
3840,311,1989
3841,311,602
3842,311,1233
3843,311,927
3844,351,1
3845,351,1990
3846,351,2
3847,351,1991
3848,351,12
3849,351,33
3850,351,1992
3851,351,1993
3852,351,39
3853,351,40
3854,351,6
3855,351,1994
3856,351,1995
3857,351,1996
3858,351,1997
3859,351,321
3860,351,1998
3861,351,984
3862,857,1585
3863,857,1999
3864,857,2000
3865,857,14
3866,857,2001
3867,857,2002
3868,277,411
3869,277,226
3870,277,836
3871,277,2003
3872,277,330
3873,277,1037
3874,277,2004
3875,277,2005
3876,277,2006
3877,277,2007
3878,277,2008
3879,277,33
3880,277,2009
3881,277,15
3882,277,2010
3883,277,71
3884,277,1407
3885,277,1487
3886,277,2011
3887,277,2012
3888,277,37
3889,277,1022
3890,277,2013
3891,277,2014
3892,277,496
3893,277,2015
3894,277,2016
3895,277,2017
3896,277,2018
3897,277,2019
3898,277,856
3899,277,2020
3900,277,2021
3901,277,2022
3902,277,2023
3903,277,2024
3904,277,1023
3905,277,2025
3906,277,2026
3907,277,2027
3908,277,2028
3909,277,2029
3910,277,2030
3911,277,2031
3912,277,2032
3913,277,2033
3914,277,307
3915,277,2034
3916,277,2035
3917,277,2036
3918,277,212
3919,277,2037
3920,277,2038
3921,277,2039
3922,277,2040
3923,277,2041
3924,277,812
3925,277,55
3926,277,2042
3927,277,2043
3928,277,2044
3929,277,2045
3930,277,2046
3931,277,2047
3932,277,2048
3933,515,153
3934,515,2049
3935,515,293
3936,515,2050
3937,515,930
3938,515,2051
3939,515,1511
3940,515,35
3941,515,186
3942,515,768
3943,515,464
3944,515,2052
3945,515,2053
3946,515,39
3947,515,2054
3948,515,290
3949,515,2055
3950,515,441
3951,515,2056
3952,515,67
3953,515,2057
3954,515,56
3955,416,2058
3956,416,2
3957,416,2059
3958,416,685
3959,416,12
3960,416,33
3961,416,1780
3962,416,39
3963,416,40
3964,416,6
3965,416,2060
3966,269,2061
3967,269,763
3968,269,693
3969,269,2062
3970,269,1966
3971,269,2063
3972,269,1341
3973,269,2064
3974,269,2065
3975,269,45
3976,269,2066
3977,269,623
3978,269,2067
3979,269,157
3980,269,465
3981,269,2068
3982,269,26
3983,269,2069
3984,269,2070
3985,165,168
3986,165,1232
3987,165,706
3988,165,616
3989,165,2071
3995,517,1002
3996,517,436
3997,517,1811
3998,517,1522
3999,858,1191
4000,858,1044
4001,858,226
4002,858,1398
4003,858,248
4004,858,920
4005,858,2072
4006,858,552
4007,858,14
4008,858,228
4009,858,1314
4010,858,553
4011,858,314
4012,858,667
4013,858,857
4014,858,2073
4015,858,2074
4033,859,1567
4034,306,2075
4035,306,33
4036,306,1447
4037,306,2076
4038,306,2077
4039,306,39
4040,306,1451
4041,306,449
4042,216,118
4043,216,445
4044,216,162
4045,216,313
4046,216,33
4047,216,186
4048,216,2078
4049,216,2079
4050,216,2080
4051,216,2081
4052,216,2082
4053,216,2083
4054,216,165
4055,860,387
4056,860,2084
4057,860,393
4058,860,606
4059,860,2085
4060,860,607
4061,860,2086
4062,860,2
4063,860,1265
4064,860,2087
4065,860,45
4066,860,12
4067,860,1818
4068,860,1594
4069,860,573
4070,860,46
4071,860,2088
4072,466,49
4073,466,4
4074,466,143
4075,466,932
4076,466,1505
4077,466,33
4078,466,568
4079,466,1182
4080,466,237
4081,466,458
4082,466,1508
4083,466,2089
4084,344,387
4085,344,2090
4086,344,1990
4087,344,2091
4088,344,2092
4089,344,2093
4090,344,1102
4091,344,1974
4092,344,1592
4093,344,2094
4094,344,2095
4095,344,2096
4096,344,2097
4097,344,40
4098,344,290
4099,344,2098
4100,344,2099
4101,344,2100
4102,344,494
4103,344,2101
4104,344,2102
4105,344,381
4106,344,2103
4107,344,2104
4108,861,118
4109,861,957
4110,861,536
4111,861,2105
4112,861,2106
4113,861,1818
4114,861,1657
4115,861,2107
4116,861,2108
4117,861,2109
4118,861,1088
4119,861,1310
4120,861,165
4121,461,581
4122,461,239
4123,461,529
4124,461,1441
4125,461,693
4126,461,2110
4127,461,911
4128,461,2111
4129,461,264
4130,461,2112
4131,461,333
4132,461,2008
4133,461,2113
4134,461,537
4135,461,2114
4136,461,287
4137,461,2115
4138,461,2116
4139,285,1
4140,285,606
4141,285,2
4142,285,2117
4143,285,12
4144,285,33
4145,285,2118
4146,285,2119
4147,285,2120
4148,285,192
4149,285,2121
4150,285,40
4151,285,2122
4152,285,6
4153,285,2123
4154,285,2124
4155,285,1728
4156,285,2125
4157,285,113
4158,285,2126
4159,285,79
4160,285,221
4161,285,1067
4162,285,1233
4163,285,482
4164,285,292
4165,285,644
4166,278,2127
4167,278,1272
4168,278,45
4169,278,2128
4170,278,1696
4171,278,158
4172,278,40
4173,278,2129
4174,278,2130
4175,278,2131
4176,278,2132
4177,146,499
4178,146,505
4179,146,2133
4180,146,2134
4181,146,2135
4182,146,2136
4183,146,2137
4184,93,1107
4185,93,2
4186,93,851
4187,93,2138
4188,93,12
4189,93,2139
4190,93,1993
4191,93,39
4192,93,6
4193,93,2140
4194,93,1996
4195,93,68
4196,93,540
4197,862,136
4198,862,1519
4199,862,936
4200,273,2
4201,273,12
4202,273,2141
4203,273,2142
4204,273,2143
4205,273,2144
4206,863,2145
4207,863,2146
4208,863,2147
4209,863,1880
4210,863,2148
4211,864,2149
4212,864,971
4213,864,251
4214,864,2150
4215,864,2119
4216,864,695
4217,864,2151
4218,864,2152
4219,864,2153
4220,864,2154
4221,864,2155
4222,864,39
4223,864,40
4224,864,2156
4225,864,2157
4226,864,1887
4227,864,2020
4228,864,602
4229,864,1761
4230,864,720
4231,864,1404
4232,77,983
4233,77,838
4234,77,138
4235,372,225
4236,372,1414
4237,372,1606
4238,372,39
4239,372,40
4240,372,2158
4241,318,118
4242,318,1347
4243,318,728
4244,154,581
4245,154,582
4246,154,1277
4247,154,1398
4248,154,162
4249,154,313
4250,154,228
4251,154,71
4252,154,2159
4253,154,2160
4254,154,2161
4255,154,2162
4256,154,261
4257,286,2163
4258,286,2164
4259,286,1705
4260,286,606
4261,286,340
4262,286,2086
4263,286,2
4264,286,621
4265,286,1265
4266,286,2165
4267,286,622
4268,286,2166
4269,286,2167
4270,286,12
4271,286,33
4272,286,14
4273,286,1017
4274,276,2168
4275,276,118
4276,276,393
4277,276,571
4278,276,2169
4279,276,2170
4280,276,24
4281,276,15
4282,276,1060
4283,276,2171
4284,276,2172
4285,276,2173
4286,276,877
4287,276,1645
4288,276,151
4289,276,1087
4290,276,316
4291,276,2174
4292,276,1310
4293,276,2175
4294,276,2176
4295,865,606
4296,865,2177
4297,865,2178
4298,865,2179
4299,865,2180
4300,865,2181
4301,865,1945
4302,865,932
4303,865,2182
4304,865,2183
4305,865,2184
4306,865,2185
4307,865,2186
4308,420,2187
4309,420,2188
4310,246,118
4311,246,380
4312,246,2189
4313,246,2190
4314,289,225
4315,289,1399
4316,289,2
4317,289,3
4318,289,366
4319,289,470
4320,289,12
4321,289,83
4322,289,521
4323,289,1015
4324,289,2191
4325,289,821
4326,289,46
4327,289,2192
4328,289,39
4329,289,172
4330,289,1423
4331,289,2193
4353,866,1396
4354,866,118
4355,866,121
4356,866,2194
4357,866,2195
4358,866,35
4359,866,2196
4360,866,237
4361,866,2197
4362,866,2198
4363,866,2199
4364,866,2200
4365,866,165
4372,620,1373
4373,620,121
4374,620,2201
4375,620,2008
4376,620,184
4377,620,1799
4378,620,290
4379,620,2202
4380,620,316
4381,620,2203
4382,620,2204
4383,620,2205
4384,620,1989
4385,620,2206
4386,620,2207
4387,620,448
4388,261,2208
4389,261,2112
4390,261,1033
4391,261,2209
4392,261,532
4393,261,45
4394,261,1591
4395,261,2210
4396,261,1466
4397,261,251
4398,261,14
4399,261,1684
4400,261,2211
4401,261,186
4402,261,2212
4403,261,924
4404,261,1130
4405,261,2213
4406,261,2214
4407,261,2215
4408,261,159
4409,261,73
4410,261,2216
4411,261,2217
4412,261,770
4413,261,2218
4414,261,2219
4415,261,2220
4416,261,2221
4417,261,2222
4418,399,2223
4419,399,2224
4420,399,457
4421,399,960
4422,399,987
4423,399,1302
4424,399,2225
4425,399,2226
4426,399,2227
4427,399,193
4428,399,64
4429,399,2228
4430,399,2055
4431,399,2229
4432,399,2230
4433,399,2231
4434,399,2232
4435,399,2190
4454,225,1075
4455,225,1066
4456,225,526
4457,225,604
4458,225,2233
4459,225,2234
4460,867,2235
4461,867,2236
4462,867,2237
4463,867,2238
4464,867,2007
4465,867,83
4466,867,629
4467,867,2239
4468,867,2240
4469,867,2241
4470,867,823
4471,867,269
4472,867,2242
4473,867,236
4474,868,784
4475,868,2
4476,868,48
4477,393,360
4478,393,2
4479,393,536
4480,393,463
4481,393,2243
4482,393,2244
4483,393,2245
4484,393,39
4485,393,40
4486,393,2246
4487,393,2247
4488,393,1423
4489,393,1771
4490,393,1537
4491,393,2248
4492,869,2249
4493,695,141
4494,695,457
4495,695,61
4496,695,627
4497,695,987
4498,695,705
4499,695,1713
4500,695,739
4501,695,2250
4502,695,1232
4503,695,706
4504,695,138
4505,870,153
4506,870,118
4507,870,124
4508,870,766
4509,870,2251
4510,870,2252
4511,870,2253
4512,870,2254
4513,374,118
4514,374,124
4515,374,1640
4516,256,1191
4517,256,2255
4518,256,1673
4519,256,1540
4520,256,45
4521,256,2256
4522,256,436
4523,256,2257
4524,256,2258
4525,256,1811
4526,256,40
4527,256,2259
4528,256,2260
4529,256,2261
4530,256,2262
4531,256,835
4532,521,118
4533,521,1859
4534,521,2263
4535,521,278
4536,521,197
4537,521,1522
4538,521,165
4539,521,2264
4540,521,905
4541,521,526
4542,521,1185
4543,521,410
4544,582,991
4545,582,1437
4546,582,458
4547,582,2265
4548,582,2266
4549,582,2267
4550,582,409
4551,383,388
4552,383,59
4553,383,95
4554,383,141
4555,383,435
4556,383,2268
4557,383,626
4558,383,627
4559,383,788
4560,383,2269
4561,383,2270
4562,383,1350
4563,383,706
4564,383,2271
4565,383,2272
4566,147,571
4567,147,4
4568,147,435
4569,147,12
4570,147,1824
4571,147,100
4572,147,2120
4573,147,2273
4574,147,1892
4575,147,2274
4576,147,39
4577,147,40
4578,147,1595
4579,147,526
4580,199,2275
4581,199,49
4582,199,118
4583,199,999
4584,199,2276
4585,199,2277
4586,199,626
4587,199,124
4588,199,2278
4589,199,2279
4590,199,2280
4591,199,2251
4592,199,2281
4593,199,290
4594,199,2282
4595,293,1010
4596,293,118
4597,293,2283
4598,293,619
4599,293,489
4600,293,162
4601,293,2195
4602,293,1068
4603,293,395
4604,293,227
4605,293,228
4606,293,15
4607,293,1862
4608,293,629
4609,293,554
4610,293,2284
4611,293,2285
4612,293,1728
4613,293,112
4614,293,165
4615,293,449
4616,293,2286
4617,293,166
4618,293,1605
4619,293,55
4620,293,79
4621,293,58
4622,293,328
4623,221,2287
4624,221,1849
4625,221,2288
4626,137,586
4627,137,83
4628,137,866
4629,433,1005
4630,433,1781
4631,433,455
4632,433,39
4633,433,706
4634,433,2289
4635,433,2290
4636,871,837
4637,871,2291
4638,187,2292
4639,187,2293
4640,187,2294
4641,39,994
4642,39,2295
4643,39,458
4644,39,79
4645,39,56
4646,39,80
4647,873,2296
4648,873,606
4649,873,2297
4650,873,552
4651,873,470
4652,873,932
4653,873,1505
4654,873,568
4655,873,1968
4656,873,1182
4657,873,2298
4658,873,458
4659,873,1508
4660,873,2299
4661,873,2300
4662,873,1368
4663,359,2301
4664,359,784
4665,359,118
4666,359,928
4667,359,2302
4668,359,2303
4669,359,971
4670,359,2304
4671,359,2305
4672,359,2306
4673,874,2307
4674,874,547
4675,874,876
4676,874,911
4677,874,1054
4678,874,2308
4679,874,1655
4680,874,123
4681,874,15
4682,874,2309
4683,874,287
4684,874,73
4685,874,2310
4686,874,2311
4687,874,1409
4688,155,2312
4689,155,458
4690,155,2313
4691,270,2314
4692,270,118
4693,270,1029
4694,270,1397
4695,270,1075
4696,270,2315
4697,270,2316
4698,270,959
4699,270,1437
4700,270,1901
4701,270,1389
4702,270,338
4703,270,1567
4704,876,225
4705,876,2317
4706,876,705
4707,876,1232
4708,876,706
4709,876,2318
4710,876,138
4711,309,572
4712,309,2319
4713,309,1808
4714,309,2320
4715,309,2321
4716,309,245
4717,309,2322
4718,309,905
4719,309,2323
4720,552,1420
4721,552,470
4722,552,932
4723,552,2324
4724,552,14
4725,552,2325
4726,552,568
4727,552,2326
4728,552,1022
4729,552,2327
4730,552,2328
4731,552,1162
4732,552,2329
4733,552,2330
4734,552,2331
4735,877,581
4736,877,693
4737,877,911
4738,877,1901
4739,877,1290
4740,877,2332
4741,877,2333
4742,877,2026
4743,877,2027
4744,877,2331
4745,877,2334
4746,877,2034
4747,317,2335
4748,317,168
4749,317,529
4750,317,584
4751,317,1028
4752,317,2336
4753,317,1029
4754,317,2110
4755,317,619
4756,317,1391
4757,317,2337
4758,317,2111
4759,317,162
4760,317,2338
4761,317,2339
4762,317,1489
4763,317,2115
4764,317,637
4765,317,173
4766,317,2340
4767,317,2341
4768,387,141
4769,387,457
4770,387,2342
4771,387,33
4772,387,1649
4773,387,519
4774,387,801
4775,387,1379
4776,387,1653
4777,387,2343
4780,186,118
4781,186,2344
4782,186,285
4783,186,1591
4784,186,1511
4785,186,2345
4786,186,35
4787,186,1592
4788,186,766
4789,186,2346
4790,186,500
4791,186,2347
4792,186,2348
4793,186,2349
4794,186,2350
4795,186,2351
4796,186,2352
4797,186,2353
4798,186,2354
4799,186,833
4800,186,2355
4801,186,2356
4802,186,2357
4803,186,2358
4804,186,166
4805,186,221
4806,186,325
4807,186,2359
4808,186,2234
4809,186,2360
4810,186,2361
4811,878,782
4812,878,1265
4813,878,12
4814,878,2362
4815,878,1088
4816,879,2363
4817,879,436
4818,879,2364
4819,879,1961
4820,879,643
4821,879,2365
4822,363,387
4823,363,168
4824,363,2366
4825,363,2367
4826,363,1420
4827,363,2368
4828,363,1406
4829,363,2369
4830,363,2370
4831,363,33
4832,363,744
4833,363,1849
4834,363,748
4835,363,172
4836,363,749
4837,363,2371
4838,363,2372
4839,363,270
4840,455,2335
4841,455,584
4842,455,1028
4843,455,2373
4844,455,1484
4845,455,2374
4846,455,2375
4847,455,2376
4848,455,162
4849,455,45
4850,455,435
4851,455,568
4852,455,287
4853,455,1063
4854,455,2080
4855,455,2377
4856,455,1732
4857,455,598
4858,455,173
4859,455,2378
4860,455,561
4861,609,2379
4862,609,954
4863,609,2380
4864,609,12
4865,609,554
4866,609,2381
4867,609,2382
4868,609,362
4869,609,2383
4870,609,2384
4871,446,1483
4872,446,2385
4873,446,2386
4874,446,986
4875,446,2387
4876,446,2388
4877,446,621
4878,446,2179
4879,446,2389
4880,446,2390
4881,446,2391
4882,446,1420
4883,446,1750
4884,446,13
4885,446,1490
4886,446,2227
4887,446,2392
4888,446,2393
4889,446,2108
4890,446,2262
4891,446,2394
4892,446,561
4893,446,79
4894,621,512
4895,621,1498
4896,621,2395
4897,621,2396
4898,621,2397
4899,621,2398
4900,621,1655
4901,621,2399
4902,621,123
4903,621,124
4904,621,1457
4905,621,2400
4906,621,2401
4907,621,2402
4908,621,2403
4909,621,1874
4910,621,2356
4911,621,602
4912,621,291
4913,738,581
4914,738,9
4915,738,450
4916,738,971
4917,738,606
4918,738,1833
4919,738,837
4920,738,33
4921,738,553
4922,738,1979
4923,738,362
4924,738,904
4925,880,2404
4926,880,2405
4927,880,1498
4928,880,2406
4929,880,2407
4930,880,2408
4931,880,1728
4932,881,239
4933,881,2409
4934,881,2410
4935,881,2411
4936,881,2412
4937,881,2413
4938,881,2414
4939,881,2415
4940,881,2416
4941,881,1738
4942,881,2417
4943,881,2418
4944,881,2419
4945,881,664
4946,881,2420
4947,881,1801
4948,881,2421
4949,881,2422
4950,881,2423
4951,881,2186
4952,881,2424
4953,534,1441
4954,534,2425
4955,534,264
4956,534,2426
4957,534,2427
4958,534,983
4959,534,2428
4960,534,33
4961,534,16
4962,534,2429
4963,534,2430
4964,235,247
4965,235,2431
4966,235,2432
4967,235,814
4968,235,2433
4969,235,2434
4970,235,2435
4971,235,2376
4972,235,1038
4973,235,84
4974,235,630
4975,235,631
4976,235,455
4977,235,2436
4978,235,634
4979,235,151
4980,235,555
4981,235,2437
4982,410,226
4983,410,2438
4984,410,162
4985,410,2439
4986,410,2440
4987,410,2441
4988,410,2442
4989,410,2339
4990,410,2443
4991,410,2444
4992,410,77
4993,410,2445
4994,410,1728
4995,410,78
4996,410,2446
4997,410,2447
4998,410,1139
4999,410,2448
5000,410,2341
5001,545,90
5002,545,2449
5003,545,971
5004,545,134
5005,545,606
5006,545,2450
5007,545,2451
5008,545,45
5009,545,2452
5010,545,2453
5011,545,2454
5012,545,2455
5013,545,2456
5014,545,1519
5015,545,2457
5016,545,2458
5017,545,2459
5018,545,2460
5019,545,699
5020,453,9
5021,453,118
5022,453,2461
5023,453,176
5024,453,2462
5025,453,96
5026,453,333
5027,453,1945
5028,453,429
5029,453,15
5030,453,2196
5031,453,188
5032,453,453
5033,453,1645
5034,453,2403
5035,453,1112
5036,453,2463
5037,453,2464
5038,453,775
5039,453,2465
5040,453,741
5041,453,2466
5042,453,2262
5043,453,2467
5044,453,2468
5045,453,2469
5046,453,2470
5047,453,2471
5048,453,2472
5049,453,2473
5050,883,2474
5051,883,2475
5052,883,553
5053,883,2476
5054,883,2477
5055,883,40
5056,883,307
5057,883,2478
5058,564,2479
5059,564,876
5060,564,296
5061,564,944
5062,564,2480
5063,564,894
5064,564,330
5065,564,2308
5066,564,2481
5067,564,15
5068,564,184
5069,564,185
5070,564,2482
5071,564,2483
5072,564,415
5073,884,387
5074,884,2484
5075,884,33
5076,884,227
5077,884,15
5078,884,1375
5079,884,2485
5080,884,2486
5081,884,2487
5082,884,351
5083,884,2488
5084,623,1483
5085,623,2388
5086,623,2489
5087,623,2389
5088,623,2391
5089,623,33
5090,623,2227
5091,623,2393
5092,623,2133
5093,623,2490
5094,623,561
5095,885,153
5096,885,2491
5097,885,2492
5098,885,2493
5099,885,2494
5100,885,1457
5101,885,2495
5102,885,74
5103,885,2496
5104,885,984
5105,886,2497
5106,886,49
5107,886,2375
5108,886,2178
5109,886,145
5110,886,470
5111,886,2498
5112,886,739
5113,886,237
5114,886,158
5115,886,2499
5116,886,573
5117,886,510
5118,886,448
5119,429,143
5120,429,895
5121,429,470
5122,429,869
5123,429,33
5124,429,568
5125,429,878
5126,429,993
5127,429,40
5128,429,2500
5129,429,2501
5130,429,2502
5131,588,2503
5132,588,2504
5133,135,226
5134,135,1204
5135,135,2505
5136,135,45
5137,135,33
5138,135,1447
5139,135,2506
5140,135,2077
5141,135,40
5142,135,1451
5143,135,1452
5144,135,1453
5145,135,673
5146,533,1190
5147,533,387
5148,533,121
5149,533,143
5150,533,2505
5151,533,2507
5152,533,33
5153,533,2508
5154,533,14
5155,533,2509
5156,533,15
5157,533,2510
5158,533,184
5159,533,53
5160,533,568
5161,533,796
5162,533,2511
5163,533,664
5164,533,190
5165,533,2512
5166,533,198
5167,533,39
5168,533,2513
5169,533,2514
5170,533,2200
5171,533,1381
5172,888,33
5173,407,2
5174,407,532
5175,407,868
5176,407,33
5177,407,158
5178,407,464
5179,407,2515
5180,407,48
5181,352,2516
5182,352,121
5183,352,145
5184,352,285
5185,352,1633
5186,352,473
5187,352,186
5188,352,2013
5189,352,2517
5190,352,2518
5191,352,2519
5192,352,2485
5193,352,2520
5194,352,2521
5195,352,2200
5196,352,1366
5197,352,213
5198,352,2522
5199,352,2523
5200,352,448
5201,352,166
5202,352,2524
5203,889,951
5204,889,1567
5205,889,1943
5206,557,2525
5207,557,2526
5208,557,693
5209,557,681
5210,557,1029
5211,557,944
5212,557,1504
5213,557,2527
5214,557,499
5215,557,1431
5216,557,2528
5217,557,2529
5218,557,2530
5219,557,2531
5220,557,2532
5221,557,824
5222,557,2533
5223,557,905
5224,159,1191
5225,159,994
5226,159,1010
5227,159,248
5228,159,736
5229,159,1002
5230,159,1195
5231,159,45
5232,159,436
5233,159,2534
5234,159,1592
5235,159,2535
5236,159,594
5237,159,159
5238,159,1811
5239,159,18
5240,159,2536
5241,159,1646
5242,159,307
5243,159,78
5244,159,1099
5245,354,951
5246,354,952
5247,354,479
5248,354,953
5249,537,2537
5250,537,118
5251,537,1705
5252,537,619
5253,537,2538
5254,537,1966
5255,537,31
5256,537,2539
5257,537,2540
5258,537,2541
5259,537,2542
5260,537,2543
5261,537,2544
5262,537,2251
5263,537,969
5264,890,2
5265,890,12
5266,890,14
5267,890,609
5268,890,2545
5269,890,455
5270,890,318
5271,890,2546
5272,890,1423
5273,890,824
5274,890,2547
5275,890,2548
5276,890,526
5277,890,2549
5278,891,225
5279,891,162
5280,891,366
5281,891,2550
5282,891,1974
5283,891,109
5284,891,1681
5285,891,2551
5286,891,76
5287,891,1015
5288,891,369
5289,891,40
5290,891,2552
5291,892,387
5292,892,2553
5293,892,1038
5294,892,33
5295,892,2000
5296,892,521
5297,892,896
5298,892,2554
5299,357,153
5300,357,1589
5301,357,2380
5302,357,1457
5303,431,1326
5304,431,1227
5305,431,1299
5306,431,2395
5307,431,2426
5308,431,2555
5309,431,2556
5310,431,1102
5311,431,2557
5312,431,1640
5313,431,171
5314,431,2558
5315,431,2559
5316,431,1274
5317,431,463
5318,431,2560
5319,431,2561
5320,431,594
5321,431,2562
5322,431,980
5323,431,2013
5324,431,2563
5325,431,414
5326,431,2564
5327,431,904
5328,431,307
5329,431,2565
5330,431,1596
5331,431,1661
5332,431,984
5333,431,238
5334,431,1336
5335,431,2365
5336,893,9
5337,893,2566
5338,893,2178
5339,893,2462
5340,893,723
5341,893,573
5342,893,2567
5343,893,2568
5344,893,2569
5345,893,160
5346,541,387
5347,541,293
5348,541,2570
5349,541,1141
5350,541,657
5351,541,2571
5352,541,2572
5353,541,2573
5354,541,2574
5355,541,2053
5356,541,2575
5357,541,2352
5358,541,2576
5359,541,2285
5360,541,2577
5361,541,1852
5362,541,409
5363,541,2578
5364,117,582
5365,117,1766
5366,117,1623
5367,117,2579
5368,117,1484
5369,117,162
5370,117,2
5371,117,4
5372,117,136
5373,117,12
5374,117,33
5375,117,455
5376,117,2580
5377,117,1544
5378,117,2581
5379,117,2582
5380,117,409
5381,117,221
5382,117,2448
5383,894,225
5384,894,118
5385,894,1991
5386,894,2583
5387,894,2584
5388,894,2585
5389,894,2586
5390,894,278
5391,894,2587
5392,894,165
5393,895,1227
5394,895,2588
5395,895,45
5396,895,33
5397,895,251
5398,895,1696
5399,895,522
5400,895,2243
5401,382,1944
5402,382,45
5403,382,12
5404,382,363
5405,382,484
5406,896,338
5407,535,247
5408,535,618
5409,535,1717
5410,535,2589
5411,535,1110
5412,535,2590
5413,535,429
5414,535,2591
5415,535,967
5416,535,2592
5417,535,408
5418,535,1551
5419,411,2525
5420,411,2127
5421,411,2235
5422,411,301
5423,411,83
5424,411,228
5425,411,2593
5426,411,629
5427,411,1015
5428,411,2594
5429,411,1207
5430,411,875
5431,411,408
5432,411,604
5433,411,984
5434,897,2164
5435,897,2479
5436,897,118
5437,897,2595
5438,897,619
5439,897,2596
5440,897,162
5441,897,2481
5442,897,721
5443,897,5
5444,897,665
5445,897,2597
5446,897,2598
5447,897,2599
5448,898,1028
5449,898,825
5450,898,848
5451,898,2
5452,898,12
5453,898,870
5454,898,1824
5455,898,1015
5456,898,455
5457,898,2600
5458,898,1162
5459,898,137
5460,898,1423
5461,898,2601
5462,898,112
5463,898,1235
5464,403,9
5465,403,788
5466,403,2602
5467,403,2603
5468,403,2604
5469,403,380
5470,403,234
5471,403,905
5472,403,374
5473,328,2605
5474,328,2606
5475,328,45
5476,328,33
5477,328,251
5478,328,2607
5479,328,2608
5480,328,464
5481,328,770
5482,328,47
5483,64,1234
5484,64,84
5485,64,186
5486,64,634
5487,64,597
5488,64,173
5489,64,1235
5490,64,1236
5491,64,1237
5492,899,290
5493,617,499
5494,617,2609
5495,617,2610
5496,617,396
5497,617,2611
5498,617,1929
5499,617,408
5500,901,1396
5501,901,1624
5502,901,230
5503,901,2612
5504,901,116
5505,902,1202
5506,902,2613
5507,902,2614
5508,902,2615
5509,902,621
5510,902,2616
5511,902,2617
5512,902,2618
5513,902,2008
5514,902,33
5515,902,853
5516,902,2619
5517,902,1128
5518,902,1593
5519,902,1674
5520,902,2620
5521,902,2621
5522,902,2622
5523,902,1676
5524,902,2623
5525,902,2624
5526,902,2625
5527,902,2626
5528,902,2627
5529,902,2628
5530,902,2629
5531,902,138
5532,902,526
5533,902,2630
5534,902,2631
5535,902,2632
5536,902,2343
5537,903,344
5538,679,2633
5539,679,2634
5540,679,45
5541,679,2635
5542,679,33
5543,679,2636
5544,679,2453
5545,679,367
5546,679,629
5547,679,2637
5548,679,40
5549,904,1898
5550,904,2638
5551,904,33
5552,904,124
5553,904,700
5554,904,2485
5555,904,1544
5556,904,1422
5557,904,165
5558,904,2639
5559,571,443
5560,571,2640
5561,571,226
5562,571,2641
5563,571,2642
5564,571,2643
5565,571,2644
5566,571,33
5567,571,367
5568,571,629
5569,571,2645
5570,571,1714
5571,571,2646
5572,571,1977
5573,571,2647
5574,571,2648
5575,571,2649
5576,434,763
5577,434,1373
5578,434,2650
5579,434,470
5580,434,33
5581,434,287
5582,434,739
5583,434,573
5584,434,2651
5585,434,1162
5586,434,1719
5587,434,1093
5588,434,2652
5589,434,1241
5590,434,448
5591,434,2653
5592,437,1361
5593,437,2654
5594,437,738
5595,437,1466
5596,437,2655
5597,437,344
5598,437,1347
5599,437,500
5600,437,2656
5601,437,2657
5602,437,463
5603,437,1081
5604,437,2658
5605,437,2659
5606,437,2267
5607,437,2660
5608,437,326
5609,905,1441
5610,905,571
5611,905,2661
5612,905,2662
5613,905,2663
5614,905,2664
5615,906,1187
5616,906,2665
5617,506,619
5618,506,451
5619,506,141
5620,506,2666
5621,506,470
5622,506,1511
5623,506,228
5624,506,627
5625,506,705
5626,506,739
5627,506,2667
5628,506,463
5629,506,2668
5630,506,2669
5631,506,965
5632,506,1232
5633,506,706
5634,506,2670
5635,907,227
5636,907,2671
5637,907,739
5638,907,230
5639,907,1719
5640,907,64
5641,907,39
5642,907,40
5643,907,1653
5644,908,1227
5645,908,429
5646,908,522
5647,908,25
5648,908,40
5649,908,643
5650,909,995
5651,909,443
5652,909,682
5653,909,248
5654,909,785
5655,909,2672
5656,909,1373
5657,909,827
5658,909,1340
5659,909,2606
5660,909,31
5661,909,1606
5662,909,2673
5663,909,1195
5664,909,45
5665,909,2674
5666,909,2675
5667,909,2676
5668,909,2677
5669,909,2541
5670,909,33
5671,909,2305
5672,909,766
5673,909,553
5674,909,2678
5675,909,2679
5676,909,40
5677,909,1200
5678,909,2680
5679,909,1201
5680,909,2681
5681,909,75
5682,909,384
5683,508,1901
5684,360,9
5685,360,294
5686,360,1227
5687,360,2682
5688,360,33
5689,360,979
5690,360,2349
5691,360,2683
5692,360,2684
5693,360,2685
5694,360,1259
5695,360,1874
5696,704,546
5697,704,2686
5698,704,118
5699,704,548
5700,704,549
5701,704,550
5702,704,552
5703,704,661
5704,704,33
5705,704,1947
5706,704,553
5707,704,2687
5708,704,2688
5709,704,278
5710,704,555
5711,704,259
5712,704,557
5713,704,558
5714,704,2689
5715,704,309
5716,704,559
5717,704,560
5718,704,671
5719,704,561
5720,704,562
5721,704,563
5722,704,674
5723,704,565
5724,704,566
5725,704,2690
5726,422,2335
5727,422,1484
5728,422,2375
5729,422,162
5730,422,1611
5731,422,313
5732,422,45
5733,422,435
5734,422,2691
5735,422,2692
5736,422,397
5737,422,1063
5738,422,2693
5739,422,2694
5740,422,1114
5741,422,2695
5742,422,2377
5743,422,2696
5744,422,172
5745,422,173
5746,422,561
5747,911,846
5748,911,49
5749,911,329
5750,911,457
5751,911,145
5752,911,2697
5753,911,2698
5754,479,168
5755,479,169
5756,479,1523
5757,479,426
5758,479,2699
5759,479,658
5760,479,1540
5761,479,45
5762,479,2700
5763,479,427
5764,479,2701
5765,479,251
5766,479,1781
5767,479,2702
5768,479,632
5769,479,2703
5770,479,39
5771,479,2704
5772,479,2705
5773,479,2546
5774,479,2706
5775,479,602
5776,479,1761
5777,325,1322
5778,325,118
5779,325,2707
5780,325,894
5781,325,2708
5782,325,2709
5783,325,141
5784,325,2710
5785,325,2711
5786,325,2712
5787,325,2713
5788,325,2419
5789,325,2714
5790,325,2715
5791,325,524
5792,325,2716
5793,325,318
5794,325,2133
5795,325,351
5796,325,2717
5797,325,2718
5798,325,2719
5799,912,1793
5800,912,1705
5801,912,2404
5802,912,2720
5803,912,1103
5804,912,1056
5805,559,2375
5806,559,1794
5807,559,2721
5808,559,470
5809,559,2722
5810,559,991
5811,559,2723
5812,559,2724
5813,559,2725
5814,559,2726
5815,913,1386
5816,913,2404
5817,913,836
5818,913,2249
5819,913,971
5820,913,880
5821,913,2727
5822,913,2728
5823,913,2729
5824,913,2730
5825,913,2731
5826,913,2732
5827,913,2733
5828,913,1078
5829,913,766
5830,913,2734
5831,913,2735
5832,913,399
5833,913,2736
5834,913,414
5835,913,1310
5836,913,2737
5837,914,338
5838,915,225
5839,915,895
5840,915,33
5841,915,184
5842,915,35
5843,915,568
5844,915,2738
5845,915,993
5846,915,2739
5847,915,2500
5848,915,2740
5849,915,791
5850,915,2741
5851,915,213
5852,915,909
5853,916,2742
5854,423,294
5855,423,2484
5856,423,118
5857,423,162
5858,423,2743
5859,423,1681
5860,423,991
5861,423,500
5862,423,2744
5863,423,1114
5864,423,2109
5865,423,2726
5866,423,1980
5867,423,172
5868,423,2745
5869,423,2343
5870,423,235
5871,553,547
5872,553,763
5873,553,70
5874,553,1387
5875,553,606
5876,553,880
5877,553,2746
5878,553,1465
5879,553,13
5880,553,1725
5881,553,1078
5882,553,2747
5883,553,2748
5884,553,1085
5885,553,2749
5886,553,2750
5887,553,2751
5888,553,2343
5889,553,907
5890,917,2752
5891,917,911
5892,917,1204
5893,917,330
5894,917,737
5895,917,1076
5896,917,2308
5897,917,2753
5898,917,2406
5899,917,2584
5900,917,14
5901,917,609
5902,917,2754
5903,917,2755
5904,917,664
5905,917,2756
5906,917,2757
5907,917,415
5908,917,2758
5909,917,321
5910,918,2759
5911,918,2760
5912,918,380
5913,918,2761
5914,918,1479
5915,918,234
5916,918,905
5917,918,1185
5918,918,80
5919,918,751
5920,918,2762
5921,918,2763
5922,918,884
5923,918,2242
5924,538,876
5925,538,880
5926,538,429
5927,538,184
5928,538,2171
5929,919,2764
5930,919,124
5931,919,158
5932,919,1187
5933,920,1585
5934,920,1227
5935,920,264
5936,920,45
5937,920,33
5938,920,251
5939,920,766
5940,920,2765
5941,920,40
5942,920,2766
5943,920,2767
5944,920,234
5945,920,905
5946,395,2
5947,395,12
5948,395,33
5949,395,870
5950,395,159
5951,395,1993
5952,395,39
5953,395,40
5954,395,6
5955,395,1995
5956,395,2768
5957,395,221
5958,395,540
5959,395,1313
5960,303,705
5961,303,2667
5962,303,2769
5963,303,2770
5964,303,1120
5965,697,584
5966,697,2771
5967,697,2772
5968,697,2773
5969,697,2774
5970,697,2775
5971,697,1469
5972,697,455
5973,697,2776
5974,697,2777
5975,697,2778
5976,697,2779
5977,697,2780
5978,921,2781
5979,921,2782
5980,921,2783
5981,921,2235
5982,921,827
5983,921,2178
5984,921,587
5985,921,2784
5986,921,2785
5987,921,228
5988,921,2636
5989,921,629
5990,921,2786
5991,921,2787
5992,921,2648
5993,921,2788
5994,921,2789
5995,922,2790
5996,922,2791
5997,922,2792
5998,922,2793
5999,922,1884
6000,922,1885
6001,480,1028
6002,480,2
6003,480,869
6004,480,12
6005,480,486
6006,480,2794
6007,480,173
6008,480,1423
6009,480,8
6010,480,2795
6011,480,720
6012,923,2796
6013,923,118
6014,923,2797
6015,923,2798
6016,923,162
6017,923,1228
6018,923,83
6019,923,2799
6020,923,396
6021,923,705
6022,923,1015
6023,923,1742
6024,923,2800
6025,923,2801
6026,923,364
6027,923,1889
6028,441,2307
6029,441,513
6030,441,14
6031,441,1407
6032,441,2802
6033,441,287
6034,441,2803
6035,441,1543
6036,441,492
6037,441,2804
6038,924,1681
6039,924,700
6040,924,575
6041,924,2805
6042,925,451
6043,925,2644
6044,925,2269
6045,925,1752
6046,925,2806
6047,925,40
6048,925,173
6049,925,2807
6050,284,846
6051,284,2808
6052,284,387
6053,284,118
6054,284,880
6055,284,2809
6056,284,2810
6057,284,571
6058,284,2811
6059,284,470
6060,284,1110
6061,284,429
6062,284,15
6063,284,744
6064,284,1078
6065,284,726
6066,284,2812
6067,284,2813
6068,527,457
6069,527,60
6070,527,1199
6071,527,61
6072,527,2671
6073,527,2814
6074,527,2815
6075,527,1719
6076,527,575
6077,527,2816
6078,926,338
6079,632,451
6080,632,2
6081,632,1228
6082,632,2817
6083,632,12
6084,632,1156
6085,632,1900
6086,632,2818
6087,632,555
6088,632,39
6089,632,40
6090,632,6
6091,632,604
6092,927,2819
6093,927,9
6094,927,2820
6095,927,971
6096,927,2304
6097,927,2821
6098,927,2822
6099,927,536
6100,927,1511
6101,927,1289
6102,927,1818
6103,927,1903
6104,927,2520
6105,928,168
6106,928,2823
6107,928,606
6108,928,607
6109,928,946
6110,928,2
6111,928,12
6112,928,975
6113,928,2824
6114,928,609
6115,928,628
6116,928,455
6117,928,2825
6118,928,982
6119,928,2826
6120,928,2827
6121,928,602
6122,929,338
6123,929,1567
6124,929,2828
6125,929,2829
6126,929,2830
6127,651,1
6128,651,607
6129,651,2
6130,651,45
6131,651,536
6132,651,455
6133,651,363
6134,651,1088
6135,651,1310
6136,651,2831
6137,930,953
6138,171,118
6139,171,141
6140,171,626
6141,171,706
6142,171,2832
6143,670,1029
6144,670,2833
6145,670,2411
6146,670,1213
6147,670,2
6148,670,141
6149,670,457
6150,670,2834
6151,670,2835
6152,670,851
6153,670,12
6154,670,2836
6155,670,739
6156,670,193
6157,670,542
6158,670,39
6159,670,2837
6160,670,1065
6161,670,561
6162,593,153
6163,593,118
6164,593,2376
6165,593,376
6166,593,2838
6167,593,2839
6168,593,2000
6169,593,124
6170,593,766
6171,593,2172
6172,593,1594
6173,593,1934
6174,593,2107
6175,593,2840
6176,593,165
6177,931,118
6178,931,124
6179,931,1640
6180,631,118
6181,631,2841
6182,631,124
6183,631,1640
6184,631,290
6185,631,2842
6186,215,546
6187,215,2475
6188,215,2113
6189,215,2662
6190,215,2843
6191,215,2844
6192,215,2845
6193,215,2846
6194,215,2847
6195,215,2848
6196,215,2849
6197,50,1208
6198,50,575
6199,50,2850
6200,465,411
6201,465,2851
6202,465,2
6203,465,1665
6204,465,12
6205,465,2852
6206,465,1128
6207,465,39
6208,465,6
6209,465,317
6210,465,791
6211,465,2853
6212,465,1242
6213,465,1555
6214,932,118
6215,932,1414
6216,932,2236
6217,932,1624
6218,932,829
6219,932,2854
6220,932,150
6221,932,40
6222,932,165
6223,259,530
6224,259,2855
6225,259,2856
6226,259,249
6227,259,2772
6228,259,162
6229,259,1806
6230,259,313
6231,259,1737
6232,259,2644
6233,259,2857
6234,259,1575
6235,259,684
6236,259,932
6237,259,33
6238,259,1360
6239,259,251
6240,259,2858
6241,259,14
6242,259,521
6243,259,2859
6244,259,2011
6245,259,253
6246,259,474
6247,259,254
6248,259,17
6249,259,256
6250,259,2860
6251,259,257
6252,259,1086
6253,259,636
6254,259,258
6255,259,1980
6256,259,2861
6257,259,2862
6258,259,524
6259,259,172
6260,259,2863
6261,259,2864
6262,259,1409
6263,259,2801
6264,259,2865
6265,259,2866
6266,259,364
6267,259,260
6268,259,2867
6269,259,2868
6270,259,409
6271,259,323
6272,259,1551
6273,259,1067
6274,259,644
6275,259,2869
6276,610,118
6277,610,2870
6278,610,2593
6279,610,1347
6280,610,728
6281,610,2871
6282,610,2872
6283,610,2873
6284,610,166
6285,731,763
6286,731,2874
6287,731,1572
6288,731,2875
6289,731,2876
6290,731,45
6291,731,82
6292,731,83
6293,731,158
6294,731,2877
6295,731,2878
6296,731,1596
6297,646,118
6298,646,1623
6299,646,1414
6300,646,2879
6301,646,2880
6302,646,1624
6303,646,829
6304,646,165
6305,646,1065
6306,646,1630
6307,934,847
6308,934,330
6309,934,176
6310,934,2881
6311,934,2882
6312,934,2308
6313,934,2722
6314,934,2883
6315,934,2113
6316,934,1407
6317,934,287
6318,934,2884
6319,934,2885
6320,934,2886
6321,934,17
6322,934,54
6323,934,2887
6324,934,2888
6325,934,2889
6326,934,2890
6327,934,2891
6328,935,153
6329,935,529
6330,935,124
6331,935,1447
6332,935,2077
6333,935,1451
6334,935,2892
6335,936,118
6336,936,2893
6337,936,2894
6338,936,473
6339,936,991
6340,936,1799
6341,936,17
6342,936,2013
6343,936,2895
6344,936,290
6345,936,2896
6346,936,2757
6347,936,576
6348,936,2897
6349,936,2898
6350,937,1397
6351,937,1372
6352,937,141
6353,937,457
6354,937,298
6355,937,1374
6356,937,1713
6357,937,739
6358,937,230
6359,937,2899
6360,937,1719
6361,937,2900
6362,937,800
6363,937,1424
6364,937,1653
6365,555,581
6366,555,682
6367,555,2901
6368,555,2902
6369,555,2903
6370,555,364
6371,555,643
6372,555,235
6373,938,70
6374,938,886
6375,938,2904
6376,938,2905
6377,938,40
6378,652,2906
6379,652,2907
6380,652,2908
6381,652,34
6382,652,186
6383,652,2189
6384,563,118
6385,563,124
6386,563,1640
6387,140,175
6388,140,2090
6389,140,1107
6390,140,1172
6391,140,2909
6392,140,2910
6393,140,1633
6394,140,2911
6395,140,2912
6396,140,15
6397,140,2913
6398,140,186
6399,140,1103
6400,140,664
6401,140,1081
6402,140,2914
6403,140,952
6404,140,490
6405,140,2915
6406,140,290
6407,140,2916
6408,140,415
6409,140,2917
6410,140,519
6411,140,2918
6412,140,2919
6413,140,307
6414,140,479
6415,140,2920
6416,140,448
6417,603,153
6418,603,995
6419,603,1248
6420,603,443
6421,603,118
6422,603,825
6423,603,2283
6424,603,2178
6425,603,1228
6426,603,2921
6427,603,1833
6428,603,932
6429,603,462
6430,603,2922
6431,603,553
6432,603,554
6433,603,2923
6434,603,2924
6435,603,362
6436,603,2129
6437,198,1794
6438,198,2925
6439,198,467
6440,63,429
6441,331,386
6442,331,118
6443,331,1110
6444,331,2926
6445,331,2927
6446,331,2928
6447,331,2929
6448,331,2930
6449,331,2931
6450,331,2932
6451,331,1409
6452,300,2933
6453,300,2875
6454,300,33
6455,300,2934
6456,300,2935
6457,300,2936
6458,101,153
6459,101,451
6460,101,248
6461,101,431
6462,101,2937
6463,101,1195
6464,101,45
6465,101,1197
6466,101,521
6467,101,987
6468,101,1129
6469,101,2938
6470,101,2684
6471,101,2939
6472,101,2940
6473,101,965
6474,101,1811
6475,101,2941
6476,101,2942
6477,101,18
6478,101,2943
6479,101,2944
6480,101,2945
6481,101,1522
6482,101,562
6483,101,2946
6484,101,938
6485,597,153
6486,597,443
6487,597,226
6488,597,1299
6489,597,1033
6490,597,2947
6491,597,2209
6492,597,2948
6493,597,2949
6494,597,532
6495,597,45
6496,597,2950
6497,597,2951
6498,597,2952
6499,597,464
6500,597,2953
6501,597,2954
6502,597,2955
6503,597,161
6504,939,154
6505,939,2396
6506,939,2956
6507,939,2957
6508,939,2305
6509,939,788
6510,939,2958
6511,939,2959
6512,939,2960
6513,939,2961
6514,939,2962
6515,939,238
6516,716,2963
6517,716,932
6518,716,1505
6519,716,951
6520,716,15
6521,716,1862
6522,716,568
6523,716,1182
6524,716,458
6525,716,1508
6526,716,2964
6527,716,2965
6528,253,971
6529,253,45
6530,253,973
6531,253,983
6532,253,2966
6533,253,33
6534,253,2967
6535,253,463
6536,253,594
6537,253,2968
6538,253,2936
6539,253,40
6540,253,2969
6541,253,363
6542,253,2970
6543,253,47
6544,253,905
6545,253,984
6546,253,161
6547,253,540
6548,400,582
6549,400,814
6550,400,584
6551,400,162
6552,400,2971
6553,400,76
6554,400,2972
6555,326,2127
6556,326,248
6557,326,2973
6558,326,509
6559,326,1598
6560,326,45
6561,326,2974
6562,326,2975
6563,326,5
6564,326,2976
6565,326,2862
6566,326,2977
6567,326,1596
6568,326,2978
6569,201,1265
6570,201,661
6571,201,2979
6572,201,83
6573,201,629
6574,201,187
6575,201,2980
6576,201,2981
6577,201,2982
6578,201,2983
6579,201,2984
6580,201,2985
6581,201,2986
6582,201,2987
6583,201,2988
6584,201,2989
6585,201,2990
6586,201,2991
6587,201,2992
6588,201,2993
6589,201,2994
6590,201,2995
6591,201,2996
6592,940,2432
6593,940,2050
6594,940,162
6595,940,45
6596,940,631
6597,940,2997
6598,940,2998
6599,940,666
6600,940,2999
6601,940,1994
6602,940,3000
6603,940,3001
6604,940,3002
6605,940,3003
6606,940,68
6607,940,3004
6608,940,3005
6609,686,118
6610,686,825
6611,686,1833
6612,686,33
6613,686,3006
6614,686,553
6615,686,3007
6616,686,308
6617,941,90
6618,941,3008
6619,941,118
6620,941,3009
6621,941,1340
6622,941,3010
6623,941,3011
6624,941,694
6625,941,50
6626,941,3012
6627,941,2644
6628,941,3013
6629,941,3014
6630,941,629
6631,941,3015
6632,941,695
6633,941,3016
6634,941,3017
6635,941,3018
6636,941,3019
6637,941,3020
6638,941,3021
6639,941,2648
6640,941,1857
6641,941,55
6642,474,1263
6643,474,435
6644,474,3022
6645,474,3023
6646,474,83
6647,474,1015
6648,474,502
6649,474,2080
6650,474,1887
6651,474,3024
6652,474,1595
6653,474,3025
6654,474,160
6655,474,307
6656,474,3026
6657,586,338
6658,943,118
6659,943,3027
6660,943,14
6661,943,3028
6662,943,317
6663,943,699
6664,943,325
6665,943,2718
6666,944,582
6667,944,930
6668,944,588
6669,944,3029
6670,944,12
6671,944,83
6672,944,870
6673,944,446
6674,944,3030
6675,944,453
6676,944,648
6677,944,2120
6678,944,3031
6679,944,634
6680,944,502
6681,944,3032
6682,944,3033
6683,944,3034
6684,944,3035
6685,944,3036
6686,944,3037
6687,944,238
6688,176,443
6689,176,1
6690,176,1523
6691,176,3038
6692,176,3039
6693,176,2
6694,176,1090
6695,176,1991
6696,176,12
6697,176,186
6698,176,1645
6699,176,455
6700,176,2141
6701,176,290
6702,176,1908
6703,176,1354
6704,176,1423
6705,945,1299
6706,945,2
6707,945,12
6708,945,39
6709,945,40
6710,945,6
6711,255,1586
6712,255,2
6713,255,3
6714,255,12
6715,255,739
6716,255,486
6717,255,40
6718,255,1423
6719,946,1396
6720,946,531
6721,946,145
6722,946,3040
6723,946,470
6724,946,3041
6725,946,35
6726,946,739
6727,946,3042
6728,946,3043
6729,946,194
6730,946,2756
6731,946,40
6732,946,290
6733,946,678
6734,946,3044
6735,946,3045
6736,946,3046
6737,693,118
6738,693,895
6739,693,3047
6740,693,33
6741,693,13
6742,693,3048
6743,693,629
6744,693,36
6745,693,952
6746,693,172
6747,693,1424
6748,693,3049
6749,693,409
6750,693,23
6751,268,168
6752,268,40
6753,268,3050
6754,268,3051
6755,268,409
6756,268,374
6757,268,117
6758,268,328
6759,947,3052
6760,947,479
6761,947,3053
6762,947,953
6763,947,1027
6764,948,162
6765,948,228
6766,948,314
6767,948,3054
6768,948,3055
6769,948,3056
6770,949,2090
6771,949,1684
6772,949,2027
6773,950,451
6774,950,706
6775,950,1034
6776,950,2832
6777,281,1191
6778,281,118
6779,281,606
6780,281,2064
6781,281,3057
6782,281,2937
6783,281,1195
6784,281,45
6785,281,436
6786,281,3058
6787,281,124
6788,281,979
6789,281,463
6790,281,159
6791,281,3059
6792,281,379
6793,281,1608
6794,281,3060
6795,951,1681
6796,951,3061
6797,951,3062
6798,951,1980
6799,951,3063
6800,951,3064
6801,951,3065
6802,951,3066
6803,952,911
6804,952,3067
6805,952,429
6806,952,1789
6807,952,3068
6808,952,217
6809,952,1533
6810,953,3069
6811,953,49
6812,953,3070
6813,953,1588
6814,953,3071
6815,953,1516
6816,953,3072
6817,953,1692
6818,953,1074
6819,953,431
6820,953,31
6821,953,1076
6822,953,659
6823,953,3073
6824,953,123
6825,953,1346
6826,953,1862
6827,953,62
6828,953,1894
6829,953,2739
6830,953,791
6831,953,3074
6832,953,3075
6833,953,3076
6834,953,3077
6835,953,3078
6836,953,1917
6837,953,3079
6838,953,409
6839,953,2763
6840,953,2359
6841,953,2234
6842,954,263
6843,954,264
6844,954,983
6845,954,3080
6846,954,33
6847,954,138
6848,600,581
6849,600,2605
6850,600,3081
6851,600,264
6852,600,2947
6853,600,2949
6854,600,532
6855,600,45
6856,600,2952
6857,600,251
6858,600,14
6859,600,230
6860,600,464
6861,600,2955
6862,412,2516
6863,412,391
6864,412,226
6865,412,1030
6866,412,2874
6867,412,2855
6868,412,2856
6869,412,249
6870,412,2772
6871,412,162
6872,412,1806
6873,412,2180
6874,412,1737
6875,412,3082
6876,412,1575
6877,412,33
6878,412,251
6879,412,14
6880,412,521
6881,412,3083
6882,412,1862
6883,412,2419
6884,412,3084
6885,412,253
6886,412,254
6887,412,3085
6888,412,17
6889,412,255
6890,412,256
6891,412,3086
6892,412,3087
6893,412,257
6894,412,258
6895,412,1980
6896,412,3088
6897,412,2862
6898,412,3089
6899,412,2863
6900,412,3090
6901,412,2864
6902,412,160
6903,412,1734
6904,412,1409
6905,412,2801
6906,412,3091
6907,412,2866
6908,412,364
6909,412,260
6910,412,1402
6911,412,2867
6912,412,261
6913,412,3092
6914,412,2868
6915,412,3093
6916,412,325
6917,955,1735
6918,955,1591
6919,955,1511
6920,955,788
6921,955,2603
6922,955,952
6923,955,2109
6924,955,857
6925,955,3094
6926,955,904
6927,955,1884
6928,955,48
6929,955,1885
6930,955,3095
6931,955,481
6932,956,1028
6933,956,264
6934,956,685
6935,956,33
6936,956,3096
6937,956,3097
6938,956,3098
6939,956,3099
6948,76,800
6949,76,3100
6950,283,411
6951,283,530
6952,283,3101
6953,283,2650
6954,283,3102
6955,283,99
6956,283,287
6957,283,3103
6958,283,474
6959,283,3104
6960,283,3105
6961,283,3062
6962,283,102
6963,283,3106
6964,283,3107
6965,283,3108
6966,283,3109
6967,283,1073
6968,283,3110
6969,283,3111
6970,283,3112
6971,283,3113
6972,283,3114
6973,957,3115
6974,957,1232
6975,957,706
6976,514,3116
6977,514,3117
6978,514,3118
6979,647,2643
6980,647,660
6981,647,1038
6982,647,33
6983,647,2557
6984,647,2454
6985,647,367
6986,647,1977
6987,647,39
6988,647,3119
6989,712,118
6990,712,1414
6991,712,1776
6992,712,626
6993,712,1624
6994,712,829
6995,712,2854
6996,712,3120
6997,712,3121
6998,712,3122
6999,712,3123
7000,712,3124
7001,712,3125
7002,712,3126
7003,712,3127
7004,712,3128
7005,712,165
7006,958,387
7007,958,3129
7008,958,168
7009,958,1
7010,958,1766
7011,958,2874
7012,958,2
7013,958,3130
7014,958,12
7015,958,2824
7016,958,609
7017,958,1593
7018,958,2068
7019,958,1162
7020,82,582
7021,82,1227
7022,82,76
7023,82,3131
7024,959,387
7025,959,784
7026,959,1323
7027,959,389
7028,959,1762
7029,959,3132
7030,959,3133
7031,959,1274
7032,959,1015
7033,959,3134
7034,959,3135
7035,959,2684
7036,959,502
7037,959,3136
7038,959,3137
7039,959,3138
7040,959,519
7041,959,3139
7042,959,309
7043,959,3140
7044,959,3141
7045,959,3142
7046,959,3143
7047,959,3144
7048,959,3026
7049,959,3145
7050,959,3146
7051,959,1852
7052,959,3147
7053,959,3148
7054,959,3149
7055,959,3150
7056,959,3151
7057,959,3152
7058,959,3153
7059,959,3154
7060,121,387
7061,121,443
7062,121,313
7063,121,3155
7064,121,82
7065,121,837
7066,121,1542
7067,121,33
7068,121,83
7069,121,123
7070,121,344
7071,121,629
7072,121,1015
7073,121,724
7074,121,463
7075,121,458
7076,121,86
7077,121,1951
7078,121,258
7079,121,3138
7080,121,3156
7081,121,3157
7082,121,2745
7083,141,118
7084,141,436
7085,141,3158
7086,141,538
7087,141,799
7088,417,13
7089,417,705
7090,417,3159
7091,417,3160
7092,417,1522
7093,353,330
7094,353,3161
7095,353,626
7096,353,1181
7097,353,705
7098,353,3162
7099,353,706
7100,353,2769
7101,353,1761
7102,353,969
7103,353,161
7104,482,153
7105,482,225
7106,482,1075
7107,482,45
7108,482,1511
7109,482,1457
7110,482,3163
7111,482,3164
7112,482,3165
7113,482,39
7114,482,3166
7115,482,1088
7116,482,3167
7117,482,1047
7118,482,3168
7119,482,3169
7120,960,724
7121,960,3170
7122,634,582
7123,634,118
7124,634,1762
7125,634,2110
7126,634,162
7127,634,2731
7128,634,124
7129,634,3171
7130,634,3172
7131,634,666
7132,634,519
7133,634,1734
7134,634,165
7135,634,3173
7136,708,118
7137,708,620
7138,708,1195
7139,708,2117
7140,708,2118
7141,708,952
7142,708,1884
7143,708,3174
7144,708,381
7145,708,1761
7146,708,1885
7147,486,3175
7148,486,162
7149,486,588
7150,486,252
7151,486,3176
7152,486,76
7153,486,39
7154,486,40
7155,369,584
7156,369,3177
7157,369,252
7158,369,596
7159,369,1146
7160,369,2026
7161,369,3178
7162,369,3179
7163,369,3180
7164,310,1717
7165,310,451
7166,310,431
7167,310,1606
7168,310,532
7169,310,659
7170,310,436
7171,310,13
7172,310,987
7173,310,629
7174,310,1007
7175,310,1892
7176,310,309
7177,310,1522
7178,184,411
7179,184,3181
7180,184,3182
7181,184,13
7182,184,3183
7183,184,1800
7184,184,3184
7185,184,3185
7186,184,290
7187,184,3186
7188,184,3187
7189,184,1241
7190,184,3188
7191,239,3129
7192,239,1965
7193,239,2461
7194,239,2003
7195,239,2375
7196,239,571
7197,239,135
7198,239,710
7199,239,286
7200,239,184
7201,239,568
7202,239,289
7203,239,3189
7204,239,3190
7205,239,1094
7206,239,3191
7207,239,380
7208,239,803
7209,239,291
7210,239,807
7211,239,905
7212,239,1185
7213,961,1838
7214,961,859
7215,961,3192
7216,961,1469
7217,961,3193
7218,963,2
7219,963,12
7220,963,3194
7221,963,1993
7222,963,39
7223,963,40
7224,963,6
7225,963,3195
7226,963,116
7227,963,221
7228,963,1067
7229,964,2537
7230,964,3196
7231,964,3197
7232,964,3198
7233,964,1973
7234,964,3199
7235,964,3200
7236,964,1656
7237,964,3201
7238,964,952
7239,964,1350
7240,964,1310
7241,964,3202
7242,964,3203
7243,964,1884
7244,964,3174
7245,964,1885
7246,965,118
7247,965,1110
7248,965,429
7249,965,3204
7250,965,2196
7251,965,3205
7252,965,519
7253,965,206
7254,965,1269
7255,965,1877
7256,965,3206
7257,965,3207
7258,965,1661
7259,965,328
7260,965,1481
7261,968,387
7262,968,1324
7263,968,2462
7264,968,3208
7265,968,429
7266,968,1763
7267,968,794
7268,968,3209
7269,968,3210
7270,968,3211
7271,968,3212
7272,968,3213
7273,968,3214
7274,968,969
7275,968,720
7276,509,4
7277,509,33
7278,509,14
7279,509,568
7280,509,308
7281,509,3215
7282,509,3216
7283,509,321
7284,509,909
7285,509,3217
7286,509,3218
7287,509,604
7288,509,3219
7289,509,3220
7290,509,3221
7291,611,618
7292,611,497
7293,611,1441
7294,611,1029
7295,611,2461
7296,611,3222
7297,611,3223
7298,611,658
7299,611,499
7300,611,3224
7301,611,2427
7302,611,3225
7303,611,3226
7304,611,3227
7305,611,1038
7306,611,3228
7307,611,820
7308,611,3229
7309,611,429
7310,611,3230
7311,611,396
7312,611,17
7313,611,502
7314,611,1831
7315,611,505
7316,611,326
7317,611,1440
7318,611,1336
7319,969,880
7320,969,1591
7321,969,429
7322,969,3231
7323,969,2171
7324,969,1713
7325,969,2173
7326,969,3232
7327,969,3233
7328,969,2176
7329,969,1481
7330,438,1191
7331,438,451
7332,438,248
7333,438,1030
7334,438,1859
7335,438,659
7336,438,436
7337,438,33
7338,438,2858
7339,438,1713
7340,438,1865
7341,438,1452
7342,438,2056
7343,438,67
7344,438,2272
7345,478,154
7346,478,1503
7347,478,3234
7348,478,12
7349,478,155
7350,478,2129
7351,478,309
7352,207,3235
7353,207,3236
7354,207,3237
7355,207,40
7356,207,3238
7357,207,2026
7358,207,3239
7359,207,1551
7360,207,117
7361,685,118
7362,685,226
7363,685,445
7364,685,162
7365,685,737
7366,685,313
7367,685,1767
7368,685,71
7369,685,991
7370,685,100
7371,685,3084
7372,685,631
7373,685,2068
7374,685,3240
7375,685,3241
7376,685,1980
7377,685,861
7378,685,3242
7379,685,3243
7380,685,165
7381,209,491
7382,209,2663
7383,209,3244
7384,209,3245
7385,209,332
7386,692,784
7387,692,3038
7388,692,264
7389,692,12
7390,692,227
7391,692,2192
7392,692,40
7393,692,1354
7394,692,3099
7395,692,79
7396,692,3246
7397,970,2307
7398,970,1324
7399,970,1867
7400,970,513
7401,970,626
7402,970,2113
7403,970,3247
7404,970,71
7405,970,1407
7406,970,2885
7407,970,3248
7408,970,258
7409,970,3249
7410,970,172
7411,970,3156
7412,970,604
7413,970,409
7414,970,927
7415,970,3250
7416,971,49
7417,971,2833
7418,971,3251
7419,971,1142
7420,971,3252
7421,971,2710
7422,971,2870
7423,971,3253
7424,971,3254
7425,971,3255
7426,971,2714
7427,971,1894
7428,971,612
7429,971,3256
7430,971,3257
7431,971,791
7432,971,3258
7433,428,388
7434,428,2177
7435,428,3259
7436,428,95
7437,428,2650
7438,428,485
7439,428,99
7440,428,1681
7441,428,1780
7442,428,3260
7443,428,1784
7444,428,102
7445,428,3261
7446,428,3262
7447,428,2745
7448,428,1877
7449,428,1479
7450,428,526
7451,973,1285
7452,973,3263
7453,973,619
7454,973,2764
7455,973,3264
7456,973,2169
7457,973,3265
7458,973,124
7459,973,1457
7460,973,1021
7461,973,287
7462,973,1656
7463,973,3266
7464,973,3267
7465,973,857
7466,975,584
7467,975,392
7468,975,3268
7469,975,1000
7470,975,912
7471,975,3269
7472,975,1548
7473,975,1489
7474,975,396
7475,975,860
7476,975,3270
7477,975,1977
7478,975,3271
7479,975,3272
7480,975,1877
7481,975,3273
7482,975,3274
7483,975,3275
7484,975,1889
7485,664,118
7486,664,3276
7487,664,341
7488,664,3277
7489,664,2196
7490,664,2602
7491,664,3278
7492,664,3279
7493,664,3280
7494,664,3281
7495,664,3282
7496,664,1310
7497,664,3283
7498,664,857
7499,664,1479
7500,664,2717
7501,976,1919
7502,976,1738
7503,976,2393
7504,976,1801
7505,361,846
7506,361,1227
7507,361,3284
7508,361,33
7509,361,3285
7510,361,1781
7511,346,3286
7512,346,168
7513,346,758
7514,346,339
7515,346,911
7516,346,1204
7517,346,3287
7518,346,33
7519,346,14
7520,346,15
7521,346,2171
7522,346,2738
7523,346,172
7524,346,3288
7525,346,1066
7526,346,604
7527,346,482
7528,346,643
7529,346,2343
7530,375,742
7531,375,3289
7532,375,3290
7533,375,13
7534,375,2884
7535,375,40
7536,375,3291
7537,698,859
7538,698,3292
7539,977,168
7540,977,1609
7541,977,162
7542,977,2426
7543,977,2
7544,977,1489
7545,977,705
7546,977,3293
7547,977,1522
7548,977,3294
7549,977,3295
7550,977,604
7551,977,58
7552,977,1918
7553,977,117
7554,978,1142
7555,978,147
7556,978,13
7557,978,308
7558,978,791
7559,978,47
7560,979,3052
7561,979,952
7562,979,953
7563,979,3296
7564,980,3297
7565,980,1414
7566,980,3298
7567,980,2879
7568,980,659
7569,980,3299
7570,980,829
7571,980,1718
7572,980,3300
7573,980,3301
7574,980,967
7575,980,3302
7576,980,1917
7577,980,1418
7578,980,68
7579,980,323
7580,980,3303
7581,981,782
7582,981,825
7583,981,3304
7584,981,659
7585,981,947
7586,981,3305
7587,981,3306
7588,981,2966
7589,981,987
7590,981,3299
7591,981,739
7592,981,706
7593,981,165
7594,981,2767
7595,982,225
7596,982,45
7597,982,83
7598,982,109
7599,982,40
7600,982,3307
7601,982,699
7602,343,1
7603,343,2
7604,343,3308
7605,343,12
7606,343,33
7607,343,3309
7608,343,463
7609,343,486
7610,343,39
7611,343,40
7612,343,6
7613,343,3310
7614,343,1832
7628,386,313
7629,386,2650
7630,386,3311
7631,386,3312
7632,386,2660
7633,229,3313
7634,229,3314
7635,229,3315
7636,229,3316
7637,984,338
7638,985,1299
7639,985,2644
7640,985,3317
7641,985,3318
7642,985,2636
7643,986,1213
7644,986,3319
7645,986,1543
7646,986,2251
7647,986,3320
7648,986,3321
7649,988,1987
7650,988,706
7651,989,782
7652,989,387
7653,989,2307
7654,989,226
7655,989,1515
7656,989,451
7657,989,3322
7658,989,3323
7659,989,230
7660,989,3324
7661,989,3325
7662,989,555
7663,989,3326
7664,989,831
7665,989,2262
7666,989,793
7667,408,1
7668,408,2
7669,408,4
7670,408,12
7671,408,1824
7672,408,455
7673,408,486
7674,408,2192
7675,408,39
7676,408,519
7677,408,56
7678,990,499
7679,990,429
7680,990,3327
7681,990,505
7682,454,1396
7683,454,1036
7684,454,2295
7685,454,1606
7686,454,3328
7687,454,1002
7688,454,45
7689,454,1511
7690,454,2345
7691,454,186
7692,454,1183
7693,454,159
7694,454,3329
7695,454,3330
7696,454,1646
7697,454,365
7698,454,166
7699,454,280
7700,599,387
7701,599,1028
7702,599,118
7703,599,162
7704,599,313
7705,599,3331
7706,599,1767
7707,599,3332
7708,599,3073
7709,599,3333
7710,599,3176
7711,599,991
7712,599,1980
7713,599,3334
7714,599,2129
7715,599,23
7716,992,3335
7717,992,3336
7718,595,248
7719,595,3337
7720,595,2376
7721,595,658
7722,595,45
7723,595,1221
7724,595,3338
7725,595,1947
7726,595,3339
7727,595,3340
7728,595,2687
7729,595,3341
7730,595,3342
7731,595,39
7732,595,3343
7733,595,290
7734,595,402
7735,595,666
7736,595,318
7737,595,1480
7738,595,905
7739,595,1098
7740,595,3344
7741,595,813
7742,595,384
7743,595,326
7744,595,884
7745,595,223
7746,595,236
7747,993,2314
