id,movie_id,category_id
1,13,7
2,13,8
3,13,9
7,15,7
8,15,10
9,15,11
10,15,8
11,14,12
12,14,9
13,14,11
14,16,13
15,16,14
16,16,8
17,16,7
18,17,13
19,17,14
20,17,15
21,17,8
22,18,7
23,18,16
24,19,7
25,19,17
26,20,7
27,20,8
28,20,18
29,21,13
30,21,8
31,21,14
32,21,15
33,22,9
34,22,15
35,22,7
36,23,7
37,23,11
38,23,8
39,23,17
40,24,9
41,24,8
42,25,13
43,25,9
44,25,7
45,26,7
46,26,15
47,26,9
48,27,7
49,27,11
50,27,10
51,28,9
52,28,7
53,28,15
54,29,19
55,29,15
56,29,14
57,29,8
58,30,7
59,30,8
60,31,7
61,31,15
62,31,8
63,32,7
64,32,15
65,32,18
190,33,11
191,33,17
192,33,7
193,33,10
194,34,13
195,34,7
196,34,17
197,35,12
198,35,10
199,35,20
200,36,12
201,37,7
202,37,17
203,37,11
204,38,12
205,38,11
206,39,11
207,39,12
208,40,7
209,40,8
210,40,15
211,41,18
212,41,7
213,41,17
214,42,11
215,42,12
216,43,7
217,43,8
218,43,10
219,44,13
220,44,8
221,44,15
222,44,14
223,45,13
224,45,14
225,45,19
226,46,12
227,46,11
228,47,12
229,47,11
230,48,7
231,48,11
232,49,13
233,49,14
234,49,15
235,49,17
236,49,8
237,50,12
238,50,11
239,51,7
240,51,17
241,51,12
242,51,11
243,52,7
244,52,15
245,52,17
247,53,13
248,53,7
249,53,15
250,53,8
251,53,14
252,54,17
253,54,21
254,55,13
255,55,15
256,55,7
257,55,19
258,55,14
259,56,12
260,57,9
261,57,7
262,58,14
263,58,19
268,59,9
269,59,15
270,59,7
271,60,7
272,60,8
273,61,15
274,61,14
275,62,9
276,62,12
277,62,7
278,63,7
279,63,11
280,64,9
281,64,17
282,64,7
283,65,12
284,65,11
285,66,12
286,67,7
287,67,10
288,67,8
289,67,11
290,68,19
291,68,20
292,68,11
293,68,12
296,69,7
297,69,15
298,69,11
299,69,10
300,70,13
301,70,15
302,70,8
303,70,7
304,70,14
305,71,13
306,71,14
307,71,19
308,71,15
309,72,7
310,72,9
311,72,12
312,72,11
313,73,8
314,73,19
315,73,14
316,74,15
317,74,7
318,74,9
319,75,9
320,75,7
321,76,17
322,76,22
323,77,13
324,77,7
325,77,15
326,77,8
327,77,14
328,78,9
329,78,15
330,79,13
331,79,14
332,79,19
333,80,17
334,80,21
335,80,8
336,81,7
337,81,17
338,81,11
339,82,9
340,82,7
341,82,15
342,83,13
343,83,7
344,83,15
345,83,9
346,84,7
347,85,13
348,85,14
349,85,15
350,85,19
351,85,8
352,86,12
353,86,11
354,87,13
355,87,8
356,88,8
357,88,7
358,89,17
359,89,16
360,90,8
361,90,21
372,91,10
373,91,11
374,92,11
375,92,12
376,92,7
377,93,15
378,93,19
379,93,7
380,94,8
381,94,14
382,94,19
383,95,7
384,95,8
385,95,10
389,96,7
390,96,9
391,96,15
392,97,8
393,98,7
394,99,9
395,99,12
396,99,11
397,100,8
398,100,7
399,100,15
402,101,19
403,101,15
404,101,7
405,101,14
406,101,21
407,102,9
408,102,7
409,102,19
410,102,15
411,103,7
412,103,11
413,103,10
414,104,7
415,104,10
416,104,11
419,105,20
420,105,12
421,105,11
422,106,17
423,106,10
424,107,17
425,107,21
426,107,11
427,108,17
428,108,12
435,109,7
436,109,15
437,109,8
438,110,21
439,110,9
440,110,17
444,111,8
445,111,13
446,112,13
447,112,8
448,112,15
449,112,7
450,113,13
451,113,17
452,114,21
453,114,8
454,115,7
455,115,11
456,116,10
457,116,12
458,116,11
459,117,7
460,117,17
461,117,9
465,118,7
466,118,9
467,119,13
468,119,8
469,119,9
470,120,17
473,121,9
474,121,11
475,121,12
482,122,8
483,122,15
484,122,19
485,122,13
486,122,14
487,123,16
488,123,17
489,124,13
490,124,15
491,124,19
492,125,7
495,126,12
496,127,9
497,127,7
498,127,15
501,128,13
502,128,9
503,128,7
504,129,13
505,129,8
506,129,14
507,129,19
508,129,21
509,130,12
510,130,8
511,131,17
512,131,23
517,132,15
518,132,17
519,132,9
520,133,19
521,133,15
522,133,8
523,134,8
524,134,15
525,135,13
526,135,14
527,135,8
528,136,16
529,136,17
530,136,11
531,136,18
532,137,9
533,137,7
534,137,19
535,137,15
536,138,17
537,138,21
538,138,24
539,139,15
540,139,9
541,139,7
542,140,10
543,140,21
544,140,11
545,141,13
546,141,19
547,141,14
548,142,12
549,142,17
550,142,9
554,143,13
555,143,15
556,143,19
557,143,8
558,143,14
559,144,7
560,144,20
561,144,9
562,144,11
566,145,19
567,145,8
568,145,14
569,145,21
570,146,18
571,147,7
572,147,15
573,147,9
574,148,15
575,148,19
576,148,7
577,149,7
578,149,8
579,150,9
580,150,15
581,151,13
582,151,9
583,151,14
584,151,7
585,152,17
586,152,10
587,153,10
588,153,7
589,153,15
590,153,11
591,154,7
592,154,15
593,154,9
594,155,12
595,155,11
596,156,21
597,156,17
598,157,17
599,157,10
600,158,10
601,158,17
602,158,11
603,159,13
604,159,14
605,159,19
606,160,8
607,160,21
608,161,7
609,162,9
610,162,15
611,162,7
612,163,12
613,163,11
614,164,7
615,164,9
616,164,12
617,165,13
618,165,7
619,166,9
620,166,17
621,167,9
622,168,17
623,169,11
624,169,7
625,169,10
626,170,12
627,170,7
628,171,13
629,171,17
630,171,19
631,172,7
632,172,11
633,173,14
634,173,13
635,173,24
636,173,15
641,174,13
642,174,8
643,174,14
644,174,15
645,175,21
646,175,8
647,176,7
648,176,15
649,176,19
654,178,10
655,178,11
656,178,7
657,178,15
658,179,20
659,179,11
660,179,17
661,180,19
662,180,17
663,180,21
664,181,10
665,181,11
666,182,12
667,182,11
670,183,9
671,183,7
672,184,8
673,184,14
674,184,21
675,185,13
676,185,9
677,185,7
678,186,17
679,186,8
680,187,11
681,187,7
682,187,12
683,188,7
684,188,9
685,188,15
686,189,14
687,189,15
688,189,19
689,190,15
690,190,14
691,190,13
692,190,7
693,190,8
694,191,17
695,191,21
696,192,7
697,192,15
698,192,9
699,193,15
700,193,7
701,193,9
704,194,7
705,194,17
706,195,17
707,195,9
708,196,7
709,196,15
710,196,19
711,197,12
712,197,11
713,198,14
714,198,8
715,198,13
716,199,17
717,199,21
718,200,11
719,200,7
720,200,10
721,201,12
726,202,7
727,202,15
728,202,19
729,203,17
730,203,12
731,204,7
732,204,19
733,204,18
734,205,21
735,205,17
736,206,9
737,206,15
738,206,7
743,207,7
744,207,8
745,208,21
746,208,17
747,209,7
748,209,11
756,210,8
757,211,19
758,211,15
762,212,17
763,213,15
764,213,7
765,213,19
766,214,15
767,214,19
768,215,7
769,215,8
770,215,10
771,216,9
772,216,15
773,216,11
774,217,9
775,217,20
776,217,11
777,218,13
778,218,14
779,218,19
780,219,7
781,219,15
782,219,11
783,220,21
784,220,17
785,221,7
786,221,10
787,221,20
788,221,11
789,222,9
790,222,12
791,223,13
792,223,8
793,223,14
794,223,19
795,224,14
796,224,8
797,225,7
798,225,11
799,225,10
800,226,7
801,226,9
802,226,15
803,227,10
804,227,20
805,227,11
806,228,10
807,228,8
808,228,21
809,229,7
810,229,16
811,229,17
812,229,18
813,230,14
814,230,13
815,230,17
816,231,13
817,231,19
818,231,8
819,231,7
820,231,15
821,231,14
824,232,7
825,232,11
828,233,17
829,234,21
830,234,19
831,234,14
832,234,17
836,235,15
837,235,7
838,235,9
839,236,15
840,236,19
841,237,12
842,238,12
843,238,20
844,239,12
845,239,11
846,240,7
847,240,15
848,240,17
849,241,12
850,241,9
851,242,19
852,242,7
853,242,15
856,243,15
857,243,14
858,243,19
862,244,7
863,244,9
864,244,17
865,245,21
866,245,17
867,246,21
868,246,17
869,247,8
870,247,10
871,247,7
872,248,9
873,248,7
874,248,12
875,249,11
876,249,17
877,249,20
878,250,17
879,250,16
880,250,18
883,251,13
884,251,15
885,251,14
886,251,8
887,252,15
888,252,7
889,252,9
893,253,13
894,253,8
895,253,14
896,254,7
897,254,15
898,254,14
899,254,8
900,255,7
901,255,15
902,255,9
903,256,13
904,256,21
905,256,19
906,256,14
907,257,13
908,257,8
909,257,14
919,258,13
920,258,8
921,258,19
922,258,15
923,258,14
924,259,9
925,259,7
926,259,17
927,259,11
928,260,7
929,260,17
930,261,13
931,261,15
932,261,14
933,261,8
934,262,12
938,263,8
939,263,10
944,264,7
945,264,15
946,264,9
951,265,9
952,265,7
953,265,15
954,266,13
955,266,14
956,266,8
957,266,19
958,266,15
959,266,21
960,267,8
961,267,17
962,267,21
963,268,7
964,268,15
965,268,17
966,268,14
967,269,13
968,269,8
969,269,14
970,269,19
971,270,17
972,270,21
973,271,8
977,272,9
978,272,7
979,272,15
980,273,7
981,273,15
982,273,9
983,273,19
984,273,17
985,274,12
986,275,14
987,275,22
988,275,15
989,275,19
990,276,10
991,276,17
994,277,11
995,277,7
996,278,13
997,278,8
998,278,14
999,278,15
1000,279,8
1001,279,7
1002,279,10
1003,280,7
1004,280,11
1005,280,17
1006,281,14
1007,281,19
1008,281,13
1009,281,21
1010,282,15
1011,282,17
1012,283,7
1013,283,17
1014,283,11
1022,284,17
1023,284,10
1024,285,7
1025,285,15
1026,285,9
1027,286,7
1028,286,15
1029,286,9
1030,287,13
1031,287,14
1032,288,10
1033,288,17
1034,288,11
1035,289,7
1036,289,8
1037,289,15
1038,290,17
1039,290,21
1040,291,17
1041,291,8
1044,292,15
1045,292,19
1046,293,17
1047,293,9
1048,293,7
1053,294,12
1054,294,11
1055,295,11
1056,295,7
1057,295,9
1058,296,13
1059,296,14
1060,296,24
1061,296,19
1062,296,8
1063,297,10
1064,297,17
1065,297,8
1066,298,10
1067,298,11
1068,298,17
1069,299,15
1070,299,7
1071,299,9
1072,300,7
1073,300,11
1074,301,7
1075,301,17
1076,301,9
1083,302,19
1084,302,14
1085,303,7
1086,303,15
1087,303,8
1090,304,13
1091,304,7
1092,304,15
1093,304,9
1098,305,17
1099,305,16
1100,306,8
1101,306,19
1102,307,8
1103,307,21
1104,308,7
1105,308,9
1106,308,12
1121,309,11
1122,309,7
1123,310,14
1124,310,19
1125,310,21
1132,311,13
1133,311,14
1134,311,15
1135,312,7
1146,313,7
1147,313,8
1148,313,11
1151,314,7
1152,314,15
1153,314,9
1161,315,13
1162,315,15
1163,315,17
1164,315,14
1176,316,11
1177,316,7
1178,316,17
1179,316,9
1182,317,7
1183,317,9
1184,318,21
1185,318,17
1186,318,8
1187,319,7
1188,319,15
1189,319,9
1194,320,9
1195,320,7
1196,320,15
1199,321,13
1200,321,8
1201,321,14
1202,322,7
1203,322,11
1204,322,17
1205,323,17
1206,323,12
1212,324,21
1213,324,17
1214,325,19
1215,325,17
1216,325,10
1221,326,15
1222,326,13
1223,326,8
1224,326,14
1225,326,19
1226,327,17
1227,327,7
1228,327,15
1229,328,13
1230,328,14
1231,328,24
1232,328,8
1233,329,9
1234,329,7
1235,329,11
1236,329,15
1237,330,7
1238,330,15
1239,330,9
1240,330,17
1241,331,18
1242,331,7
1243,332,15
1244,332,19
1245,333,13
1246,333,19
1247,333,7
1248,333,21
1249,333,14
1250,334,7
1251,334,15
1252,334,13
1253,334,8
1254,334,14
1256,335,7
1260,336,9
1261,336,7
1262,336,10
1264,337,21
1265,338,7
1266,338,13
1267,338,8
1268,338,14
1269,338,15
1270,339,9
1271,339,12
1272,339,11
1273,340,10
1274,340,17
1275,340,11
1276,341,7
1277,341,13
1278,341,19
1279,342,17
1280,342,21
1281,343,7
1282,343,15
1283,343,9
1284,344,8
1285,344,21
1286,344,17
1287,345,11
1288,345,20
1289,345,17
1290,346,7
1291,346,11
1292,346,10
1293,347,21
1294,348,8
1295,348,21
1296,348,17
1297,349,7
1298,349,15
1299,349,9
1300,350,8
1301,351,19
1302,351,7
1303,351,8
1304,352,12
1305,353,13
1306,353,10
1307,353,20
1308,353,7
1309,354,11
1310,354,17
1311,355,12
1312,355,11
1313,356,12
1314,357,8
1316,358,7
1317,358,10
1318,358,8
1319,359,15
1320,359,8
1321,359,14
1322,359,19
1323,360,17
1324,360,7
1325,361,7
1326,361,17
1330,362,7
1331,362,8
1332,363,7
1333,363,11
1334,363,10
1337,364,17
1338,364,24
1339,364,21
1341,365,12
1342,366,9
1343,366,11
1344,367,13
1345,367,14
1346,367,8
1347,367,19
1351,368,17
1352,368,24
1353,368,21
1354,369,7
1355,369,15
1356,369,9
1359,370,17
1360,370,11
1361,371,21
1362,371,8
1363,372,13
1364,372,8
1365,372,14
1366,372,15
1367,372,19
1368,373,12
1369,373,11
1373,374,21
1374,374,17
1375,375,11
1376,376,17
1377,376,7
1378,376,15
1379,376,16
1380,376,18
1381,377,21
1382,377,17
1386,378,19
1387,378,8
3645,379,15
3646,379,13
3647,379,8
3648,379,14
3649,380,21
3650,380,8
3651,380,17
3652,381,15
3653,381,19
3654,381,7
3655,382,7
3656,382,15
3657,382,9
3663,383,13
3664,383,21
3665,383,17
3666,384,8
3667,385,8
3668,385,15
3669,386,9
3670,386,7
3673,387,12
3674,387,20
3675,387,11
3676,388,8
3677,388,17
3678,388,19
3679,388,21
3680,389,7
3681,389,15
3682,389,8
3683,390,7
3684,390,15
3685,390,17
3686,390,11
3687,390,22
3688,391,17
3689,391,10
3690,392,17
3691,392,11
3692,392,20
3693,393,7
3694,393,9
3695,393,15
3696,394,9
3697,394,7
3698,394,15
3699,395,7
3700,395,15
3701,395,9
3702,396,9
4635,397,8
4636,397,17
4637,398,21
4638,398,8
4639,399,20
4640,399,12
4641,399,11
4646,400,10
4647,400,7
4648,400,9
4649,401,21
4650,401,8
4651,401,24
4652,402,15
4653,402,19
4654,402,7
4655,403,11
4656,403,8
4657,403,17
4661,404,9
4662,404,17
4666,405,21
4667,405,17
4668,406,9
4669,406,21
4670,406,8
4671,407,13
4672,407,14
4673,407,7
4674,407,9
4675,407,8
4676,407,17
4677,407,15
4678,408,7
4679,408,15
4680,408,9
4681,408,19
4682,409,11
4683,409,10
5363,410,8
5364,410,17
5365,411,9
5366,411,7
5367,411,15
5368,411,11
5369,412,17
5370,412,9
5371,412,18
5374,413,7
5375,413,12
5376,413,8
5377,413,11
5378,414,14
5379,414,9
5380,414,7
5381,414,8
5382,415,17
5383,415,11
5384,416,7
5385,416,15
5386,416,9
5387,417,7
5388,418,14
5389,418,19
5390,418,22
5391,418,15
5403,419,12
5404,419,9
5405,419,7
5406,420,17
5407,420,21
5408,421,13
5409,421,8
5410,421,14
5411,422,7
5412,422,11
5413,422,9
5414,423,7
5415,423,17
5416,423,12
5417,423,9
5418,423,11
5419,424,10
5420,424,17
5421,424,7
5422,425,7
5423,425,11
5431,426,7
5432,426,15
5440,427,18
5441,427,7
5442,427,16
5450,428,7
5451,428,15
5452,428,9
5461,429,12
5462,429,11
5466,430,17
5470,431,8
5471,431,21
5472,432,19
5473,432,12
5474,432,7
5475,432,11
5476,433,13
5477,433,15
5478,433,7
5479,433,19
5480,433,24
5481,434,12
5482,434,11
5483,435,8
5484,435,12
5485,435,19
5491,436,17
5492,436,21
5493,437,8
5494,437,11
5495,437,17
5496,438,14
5497,438,13
5498,438,15
5499,438,8
5500,438,19
5501,439,8
5502,439,15
5503,439,9
5504,440,10
5505,440,17
5506,441,10
5507,441,7
5508,441,15
5509,441,11
5510,442,9
5511,442,15
5512,442,7
5517,443,13
5518,443,7
5519,443,8
5520,443,14
5521,443,9
5524,444,13
5525,444,14
5526,444,19
5527,444,15
5530,445,15
5531,445,19
5532,445,7
5533,446,15
5534,446,7
5535,446,19
5536,447,7
5537,447,15
5538,447,11
5539,447,18
5540,448,8
5541,448,7
5542,448,19
5543,449,7
5544,449,10
5545,449,17
5546,450,7
5547,450,13
5548,451,13
5549,451,15
5550,451,14
5551,451,8
5552,451,24
5553,452,7
5554,452,19
5555,452,9
5556,453,10
5557,453,16
5558,453,17
5564,454,13
5565,454,14
5566,454,19
5567,454,8
5568,455,7
5569,455,11
5570,455,9
5571,456,7
5572,456,19
5573,456,20
5574,456,15
5575,456,11
5576,457,12
5577,457,11
5578,458,8
5579,459,15
5580,459,7
5581,460,7
5582,460,11
5583,461,7
5584,461,9
5585,461,15
5587,462,17
5588,462,21
5589,463,12
5590,463,20
5591,463,11
5592,464,8
5593,465,7
5594,465,15
5595,465,9
5601,466,12
5602,466,11
5603,467,21
5604,467,8
5605,468,13
5606,468,14
5607,468,15
5608,468,8
5612,469,17
5613,469,7
5614,470,7
5615,470,8
5616,470,17
5618,471,7
5619,471,8
5620,471,10
5624,472,8
5625,472,11
5626,473,7
5627,473,15
5628,473,19
5629,474,7
5630,474,9
5631,474,15
5632,475,7
5633,475,11
5634,475,9
5635,476,17
5636,476,12
5637,476,11
5638,477,7
5639,477,11
5641,478,13
5642,478,8
5643,478,14
5644,479,7
5645,479,15
5646,479,13
5647,479,14
5648,479,8
5649,480,7
5650,480,15
5651,480,19
5652,481,17
5655,482,13
5656,482,8
5657,482,19
5658,482,15
5659,482,14
5660,483,7
5661,483,10
5662,483,17
5663,483,11
5664,484,13
5665,484,7
5666,484,10
5667,484,20
5671,485,7
5674,486,13
5675,486,14
5676,486,9
5677,487,7
5678,487,17
5777,45,7
5798,488,19
5799,488,15
5804,489,12
5814,490,7
5815,490,11
5822,491,11
5823,491,10
5824,491,20
5833,492,17
5834,492,21
5896,493,7
5897,493,15
5898,493,9
5917,494,17
5971,495,7
5972,495,19
5980,496,12
5981,496,20
5984,497,14
5985,497,13
5986,497,8
5987,498,13
5988,498,7
5989,498,20
5990,498,19
5991,498,8
5992,498,17
5993,498,12
6008,499,15
6009,499,19
6092,161,18
6093,161,11
6187,500,17
6188,500,21
6235,501,13
6236,501,14
6237,501,15
6238,501,19
6313,502,7
6314,502,15
6315,502,19
6325,503,13
6326,503,8
6327,503,14
6336,504,15
6337,504,12
6338,504,23
6339,504,8
6358,505,17
6359,505,7
6360,505,10
6361,505,11
6367,506,7
6368,506,13
6369,506,15
6370,506,19
6371,506,11
6381,507,13
6382,507,14
6383,507,8
6384,507,19
6390,508,17
6394,509,12
6395,509,11
6414,510,23
6424,511,8
6447,512,21
6451,513,15
6452,513,19
6453,513,7
6467,514,15
6468,514,7
6469,514,17
6477,515,13
6478,515,14
6479,515,8
6480,515,19
6481,516,13
6482,516,8
6483,516,7
6484,516,9
6498,517,15
6499,517,14
6500,517,19
6501,517,21
6515,518,17
6516,519,9
6517,519,7
6530,520,14
6531,520,15
6532,520,19
6533,520,22
6534,521,14
6535,521,19
6536,521,15
6545,522,13
6546,522,14
6547,523,7
6548,523,17
6549,524,18
6550,524,17
6551,524,7
6556,525,15
6557,525,19
6558,525,7
6559,526,8
6560,526,14
6561,527,8
6562,527,12
6616,528,15
6617,528,19
6624,529,17
6632,530,7
6633,530,11
6640,531,7
6641,531,8
6696,532,17
6697,532,21
6698,533,12
6699,533,10
6700,533,11
6714,534,7
6715,534,15
6716,534,10
6717,535,16
6718,535,18
6719,535,21
6720,535,17
6738,536,17
6739,536,12
6967,537,21
6968,537,17
6972,538,10
6973,538,7
6974,538,11
6975,539,7
6976,539,8
6977,539,10
6978,540,7
6979,540,11
6980,540,10
6981,541,17
6982,541,24
6983,542,7
6984,542,17
6985,542,15
6986,543,21
6987,543,19
6988,543,13
6994,544,17
6997,545,13
6998,545,8
6999,545,14
7000,545,15
7001,546,17
7002,546,21
7003,547,12
7004,547,11
7012,548,14
7013,548,13
7014,548,8
7015,548,19
7016,548,15
7017,549,21
7018,549,17
7019,549,8
7032,550,12
7033,550,11
7034,550,20
7040,551,13
7041,551,17
7042,551,15
7043,551,19
7047,552,12
7048,552,11
7059,553,7
7060,553,10
7061,553,17
7069,554,15
7070,554,8
7071,554,9
7216,555,18
7217,555,7
7218,555,11
7222,556,14
7223,556,13
7224,556,19
7225,556,15
7226,556,8
7239,557,17
7240,557,11
7241,557,18
7242,558,15
7243,558,14
7244,558,9
7245,559,8
7246,559,12
7251,560,15
7252,560,19
7253,560,7
7254,561,7
7255,561,10
7256,561,8
7257,561,11
7258,562,7
7259,562,9
7260,562,15
7272,563,21
7273,563,17
7274,564,10
7275,564,20
7276,564,11
7287,565,17
7288,565,21
7289,566,8
7290,566,21
7291,567,15
7292,567,7
7293,567,19
7294,568,12
7295,568,11
7296,569,11
7297,569,10
7298,569,22
7299,570,8
7300,570,12
7301,571,7
7302,571,15
7303,571,9
7304,571,11
7305,572,7
7306,572,9
7307,572,8
7308,572,14
7324,573,15
7325,573,7
7326,573,9
7327,574,17
7328,574,12
7329,575,21
7330,576,17
7331,576,7
7332,576,11
7337,577,7
7338,577,10
7339,577,17
7340,577,11
7344,578,21
7345,578,17
7346,579,10
7347,579,19
7348,579,17
7349,580,15
7350,580,13
7351,580,14
7355,581,17
7356,581,21
7360,582,12
7361,582,11
7362,582,7
7363,582,15
7367,583,8
7368,584,7
7369,584,11
7370,584,17
7371,585,21
7377,586,21
7378,587,13
7379,587,14
7383,588,17
7384,588,11
7385,588,12
7389,589,8
7390,589,17
7391,590,7
7392,590,11
7393,591,17
7394,592,7
7395,592,8
7396,592,21
7397,593,21
7398,593,17
7399,594,21
7400,594,17
7401,595,13
7402,595,15
7403,595,8
7404,595,14
7405,595,7
7406,595,19
7408,596,8
7409,597,14
7410,597,13
7411,597,15
7412,597,8
7413,598,23
7414,598,11
7415,598,7
7416,599,17
7417,599,9
7418,599,11
7419,600,14
7420,600,13
7421,600,15
7422,600,8
7423,601,15
7424,601,7
7425,601,9
7426,602,8
7427,603,19
7428,603,15
7429,603,13
7430,603,14
7436,604,8
7437,605,12
7438,605,11
7439,606,7
7440,606,15
7441,606,9
7442,607,7
7443,607,15
7444,607,8
7445,608,7
7446,608,20
7447,608,11
7448,609,7
7449,609,15
7450,610,21
7451,610,17
7452,610,8
7453,611,17
7454,611,16
7455,611,18
7461,612,19
7462,612,8
7463,612,15
7464,612,9
7465,613,9
7466,613,7
7469,614,25
7470,614,18
7471,614,16
7474,615,17
7475,615,19
7476,616,17
7477,616,21
7484,617,7
7485,617,18
7486,617,15
7496,618,17
7497,618,7
7498,618,10
7499,618,12
7500,619,17
7501,619,8
7505,620,17
7506,620,11
7507,620,12
7511,621,17
7512,622,8
7513,623,15
7514,623,7
7515,623,19
7516,624,14
7517,624,13
7518,624,15
7519,624,8
7520,624,10
7521,625,13
7522,625,7
7523,625,8
7524,625,14
7525,626,17
7526,626,12
7527,626,11
7528,627,12
7529,627,11
7530,628,11
7531,628,12
7532,629,15
7533,629,16
7534,629,18
7535,629,7
7536,630,7
7537,630,11
7538,630,17
7539,630,10
7540,631,21
7541,631,17
7542,632,7
7543,632,15
7544,632,19
7545,633,15
7546,633,7
7547,633,9
7548,634,15
7549,634,7
7550,634,9
7551,635,17
7552,635,19
7553,636,17
7554,636,19
7555,636,21
7556,637,13
7557,637,8
7558,637,15
7559,637,14
7560,638,14
7561,638,13
7562,638,15
7563,638,8
7564,639,24
7565,640,7
7566,640,15
7567,640,9
7568,641,12
7569,642,12
7570,642,11
7574,643,7
7575,643,15
7576,643,9
7577,644,17
7578,645,13
7579,645,17
7580,645,8
7581,645,9
7609,646,15
7610,646,19
7611,646,17
7612,646,21
7613,647,7
7614,647,15
7615,647,9
7616,647,11
7617,648,7
7618,648,10
7619,649,13
7620,649,8
7621,649,15
7622,649,14
7623,650,12
7624,651,7
7625,651,15
7626,651,13
7627,651,14
7628,652,13
7629,652,15
7630,652,8
7631,652,19
7632,653,12
7633,653,17
7634,654,18
7635,654,16
7636,654,17
7638,655,9
7639,655,7
7640,655,15
7641,656,13
7642,656,15
7643,656,14
7644,656,19
7645,657,8
7646,657,21
7647,658,17
7648,658,21
7649,658,19
7651,659,17
7654,660,8
7655,660,21
7656,661,7
7657,662,19
7658,662,13
7659,662,21
7660,662,14
7661,663,14
7662,663,15
7663,663,8
7664,663,19
7665,663,13
7666,664,17
7667,665,13
7668,665,14
7669,666,15
7670,666,8
7671,666,10
7672,666,9
7673,667,8
7674,668,19
7675,668,8
7680,669,13
7681,669,14
7682,669,15
7683,669,19
7684,669,8
7685,670,19
7686,670,7
7687,670,12
7688,671,9
7689,671,7
7690,671,15
7691,672,17
7692,672,20
7700,673,17
7701,673,9
7702,673,20
7703,674,15
7704,674,7
7705,674,9
7706,675,8
7707,675,12
7708,675,9
7709,676,7
7710,676,11
7711,676,12
7712,676,10
7713,677,14
7714,677,13
7715,677,21
7716,678,13
7717,678,8
7718,678,14
7719,678,15
7720,679,13
7721,679,8
7722,679,14
7723,679,15
7724,680,7
7725,680,15
7726,680,19
7727,681,14
7728,681,20
7729,681,15
7735,682,11
7736,682,7
7737,682,19
7739,683,8
7740,683,12
7741,683,24
7742,684,13
7743,684,9
7744,684,10
7745,684,20
7746,684,18
7748,685,9
7749,685,7
7750,685,11
7751,685,15
7752,686,13
7753,686,14
7754,686,15
7755,687,8
7756,687,14
7757,687,21
7758,688,17
7759,688,14
7760,689,17
7761,689,15
7762,690,24
7763,690,16
7764,690,17
7765,692,7
7766,692,8
7767,692,15
7768,692,11
7769,693,12
7770,693,17
7771,693,19
7772,694,7
7773,694,11
7774,694,18
7775,695,13
7776,695,7
7777,695,19
7778,696,7
7779,696,11
7780,696,12
7781,697,7
7782,697,9
7783,698,20
7784,698,11
7785,698,10
7786,698,17
7787,699,15
7788,699,8
7789,699,9
7790,700,15
7791,700,19
7792,700,17
7793,700,21
7794,701,21
7795,702,13
7796,702,14
7797,702,19
7798,702,7
7799,702,15
7800,703,14
7801,703,13
7802,703,8
7803,703,7
7807,704,19
7808,704,15
7809,704,7
7810,705,13
7811,705,17
7812,705,19
7813,706,14
7814,706,13
7815,706,8
7816,706,15
7820,707,12
7821,707,11
7822,708,8
7823,708,21
7824,709,9
7825,709,17
7826,709,21
7827,710,8
7828,710,17
7829,710,14
7830,711,7
7831,711,11
7832,712,15
7833,712,19
7834,712,17
7835,712,21
7836,713,9
7837,713,15
7838,713,7
7839,714,17
7840,714,16
7844,715,17
7845,715,12
7846,715,11
7847,716,12
7848,716,11
7849,717,20
7850,717,7
7851,717,9
7852,718,17
7853,718,21
7854,719,12
7859,720,9
7860,720,8
7861,720,15
7862,720,14
7863,722,8
7864,722,10
7865,722,14
7866,722,15
7867,723,19
7868,723,15
7869,723,22
7870,724,19
7871,724,13
7872,724,14
7873,725,15
7874,725,14
7875,725,19
7876,726,13
7877,726,8
7878,726,14
7879,727,8
7880,728,11
7881,728,12
7887,729,13
7888,729,19
7889,729,7
7890,729,15
7891,730,14
7892,730,13
7893,730,21
7894,730,19
7895,731,13
7896,731,14
7897,732,23
7898,733,8
7899,733,21
7900,733,17
7902,734,7
7903,734,11
7904,735,10
7905,735,7
7906,735,11
7907,736,15
7908,736,19
7909,736,7
7910,736,11
7911,736,9
7912,737,9
7913,737,12
7914,738,19
7915,738,7
7916,738,15
7917,738,13
7918,738,8
7919,738,14
7928,739,7
7929,739,19
7930,739,12
7933,96,8
7935,96,11
7940,17,19
7945,740,10
7946,740,7
7947,740,11
7955,741,9
7956,741,11
7957,741,12
7960,99,7
7963,52,11
7964,742,13
7965,742,9
7966,742,15
7967,742,14
7974,743,7
7975,743,10
7976,743,11
7983,21,7
7984,744,9
7985,744,15
7986,744,7
7987,745,7
7988,745,15
7989,745,10
7990,745,11
7991,746,7
7992,746,11
7993,746,10
8002,747,7
8003,747,8
8004,747,10
8009,748,7
8010,748,11
8011,748,10
8012,749,7
8013,749,11
8014,749,22
8018,750,7
8019,750,8
8020,751,8
8021,751,9
8022,751,7
8025,752,7
8026,752,15
8027,752,13
8028,752,14
8029,752,19
8035,91,12
8036,753,15
8037,753,14
8038,753,19
8039,753,8
8043,754,7
8044,755,12
8045,755,11
8046,756,21
8047,756,17
8048,757,20
8049,757,11
8050,758,13
8051,758,7
8052,758,15
8053,758,19
8054,758,9
8063,759,7
8064,760,7
8065,760,8
8066,760,19
8071,761,12
8072,761,11
8073,762,12
8074,762,19
8079,763,8
8080,763,24
8081,764,13
8082,764,9
8083,765,8
8084,765,10
8085,765,11
8086,766,17
8087,766,12
8088,766,9
8094,767,20
8095,767,11
8101,768,7
8102,768,10
8103,768,17
8104,769,12
8105,769,20
8106,769,9
8115,770,7
8116,770,17
8117,770,21
8118,771,11
8119,771,12
8120,771,10
8121,771,20
8122,772,12
8127,773,9
8128,773,15
8129,773,7
8130,774,10
8131,774,8
8132,774,7
8136,720,7
8138,775,17
8139,775,10
8140,775,11
8144,776,17
8145,776,21
8153,777,16
8154,777,17
8158,778,12
8159,778,11
8160,778,8
8176,779,13
8177,779,9
8178,779,14
8191,780,11
8192,780,12
8196,781,12
8197,781,20
8198,781,9
8199,781,11
8200,782,12
8201,782,9
8202,782,7
8236,783,12
8237,783,20
8244,784,7
8248,785,8
8249,785,17
8252,786,7
8253,786,10
8254,786,17
8257,787,17
8258,787,8
8259,788,12
8260,788,8
8261,788,17
8284,789,17
8285,789,8
8291,790,7
8292,790,8
8293,790,15
8334,791,7
8335,791,8
8336,791,15
8340,792,15
8341,792,13
8342,792,14
8343,792,19
8344,793,12
8345,794,12
8346,794,21
8347,794,11
8377,795,12
8378,795,7
8379,795,17
8386,796,19
8387,796,7
8388,796,11
8389,797,18
8390,797,17
8391,797,16
8392,798,8
8402,799,10
8403,799,11
8404,799,17
8405,800,21
8406,800,8
8407,800,17
8410,801,8
8411,801,21
8416,802,7
8417,802,8
8422,803,12
8423,803,17
8424,804,12
8425,804,11
8436,805,17
8437,805,21
8438,805,11
8448,806,17
8449,806,7
8450,806,11
8454,807,7
8455,807,11
8469,808,12
8470,808,9
8471,808,11
8483,809,17
8484,809,21
8488,810,8
8489,810,21
8496,811,17
8503,156,8
8504,812,13
8508,813,7
8509,813,15
8510,813,13
8511,813,8
8512,813,19
8515,814,17
8521,815,7
8522,815,15
8523,815,9
8529,816,17
8530,816,21
8531,817,19
8532,817,13
8533,817,14
8534,818,17
8535,818,8
8536,819,21
8537,819,17
8538,820,12
8539,820,20
8540,820,11
8547,821,12
8591,822,8
8595,823,15
8596,823,19
8614,824,7
8615,824,15
8616,824,9
8617,825,11
8618,825,10
8619,825,17
8620,826,7
8621,826,15
8622,826,8
8625,827,7
8626,827,10
8627,827,11
8633,828,11
8634,828,20
8635,828,19
8636,829,21
8637,829,17
8638,829,8
8665,217,7
8672,830,14
8673,830,17
8681,831,12
8682,831,8
8683,831,11
8684,832,8
8685,832,17
8694,833,15
8695,833,14
8696,833,20
8697,833,9
8704,834,19
8705,834,15
8706,834,14
8716,835,12
8717,835,9
8718,836,15
8719,836,17
8720,836,9
8722,837,12
8729,838,8
8730,838,21
8733,839,17
8734,839,16
8735,839,18
8751,840,12
8752,840,17
8753,840,11
8755,841,8
8756,841,17
8769,842,17
8770,842,21
8775,843,21
8776,843,17
8782,124,14
8790,844,17
8802,845,8
8803,845,17
8804,845,21
8826,846,21
8827,846,14
8828,846,13
8829,846,19
8835,847,17
8836,847,21
8837,848,15
8838,848,14
8839,848,17
8864,849,17
8865,849,14
8870,850,9
8871,850,12
8872,850,11
8888,851,8
8889,851,21
8895,852,10
8896,852,8
8897,852,11
8898,853,25
8903,854,12
8904,854,11
8905,855,15
8906,855,19
8907,855,14
8908,855,7
8909,856,12
8910,856,11
8920,857,7
8921,857,11
8922,857,10
8944,858,19
8945,858,7
8946,858,15
8953,859,16
8954,859,21
8960,860,7
8961,860,9
8967,861,21
8968,861,17
8985,862,8
8991,863,11
8992,863,17
8993,863,20
8996,864,13
8997,864,14
9024,865,7
9025,865,17
9026,865,16
9037,866,10
9038,866,17
9058,867,19
9059,867,7
9060,867,9
9061,867,11
9062,867,12
9063,868,13
9064,868,15
9065,868,7
9069,869,17
9070,869,21
9074,870,21
9075,870,17
9076,870,8
9114,871,8
9115,871,17
9121,872,12
9122,872,17
9123,873,12
9124,873,11
9129,874,8
9133,875,12
9134,875,11
9137,876,15
9138,876,13
9139,876,19
9144,877,7
9145,877,11
9158,878,12
9159,878,7
9160,878,15
9161,879,13
9162,879,8
9163,879,14
9182,880,11
9183,880,10
9184,880,17
9186,881,17
9197,882,12
9205,883,15
9206,883,19
9207,883,8
9211,884,12
9212,884,7
9213,884,11
9220,885,8
9221,886,12
9222,886,11
9228,887,17
9229,887,10
9236,888,11
9237,888,12
9246,889,17
9247,889,12
9248,889,19
9249,889,8
9260,890,7
9261,890,15
9262,890,19
9263,891,7
9264,891,9
9265,891,15
9266,892,7
9267,892,10
9268,892,11
9272,893,19
9273,893,12
9279,894,15
9280,894,19
9281,894,14
9282,895,14
9283,895,13
9284,895,15
9285,895,8
9288,382,11
9289,896,8
9290,896,21
9299,897,17
9300,898,7
9301,898,15
9302,898,9
9313,899,8
9314,899,17
9315,899,14
9316,899,21
9317,900,14
9318,900,9
9322,901,8
9323,902,7
9324,902,11
9325,902,15
9326,903,12
9327,903,11
9332,904,21
9333,904,17
9343,905,10
9344,905,7
9345,905,15
9346,905,11
9347,905,17
9348,906,12
9349,906,11
9355,907,12
9356,908,15
9357,908,7
9358,908,17
9359,909,19
9360,909,15
9361,909,13
9362,909,8
9363,909,14
9367,910,8
9368,910,21
9375,911,12
9376,911,10
9377,911,17
9378,911,19
9389,912,21
9390,912,17
9393,913,17
9394,913,10
9395,914,17
9396,914,21
9397,915,12
9398,915,11
9399,916,12
9400,916,19
9401,916,17
9409,917,17
9410,917,11
9411,917,10
9412,918,25
9416,919,13
9417,919,15
9418,919,14
9419,919,8
9420,920,13
9421,920,14
9422,920,15
9423,920,8
9436,921,15
9437,921,7
9438,921,12
9439,922,17
9440,922,21
9446,923,7
9447,923,9
9452,924,11
9453,924,12
9454,925,15
9455,925,8
9456,925,19
9462,926,17
9463,926,21
9467,927,8
9468,927,17
9469,927,21
9470,928,7
9471,928,10
9472,928,17
9473,929,21
9478,930,17
9487,931,21
9488,931,17
9501,932,15
9502,932,19
9503,932,21
9504,933,17
9505,933,21
9519,934,7
9520,934,10
9521,934,11
9522,935,8
9523,935,19
9524,936,12
9525,936,17
9526,936,20
9527,937,12
9531,938,7
9532,938,10
9533,938,8
9565,939,17
9566,939,8
9581,940,17
9582,940,7
9583,940,19
9584,940,9
9588,941,12
9589,941,11
9590,941,15
9595,943,15
9596,943,16
9597,943,7
9598,943,17
9599,943,21
9600,943,11
9601,944,15
9602,944,9
9603,944,7
9607,945,7
9608,945,15
9609,945,9
9613,946,12
9614,946,8
9622,947,17
9623,948,17
9624,948,9
9625,948,11
9626,949,7
9627,949,11
9628,950,7
9629,950,15
9630,950,13
9631,950,19
9636,951,12
9637,951,11
9638,951,20
9639,951,9
9640,952,7
9641,952,17
9642,953,19
9643,953,17
9644,953,21
9645,954,7
9646,954,15
9647,954,11
9655,955,20
9656,955,11
9657,955,17
9658,956,7
9659,956,15
9660,956,8
9669,957,13
9681,958,9
9682,958,7
9683,958,15
9684,958,8
9688,959,7
9689,959,8
9690,959,9
9707,960,8
9726,239,20
9728,961,8
9729,962,9
9730,962,11
9731,963,7
9732,963,15
9733,963,19
9734,964,17
9735,964,21
9736,965,17
9737,965,16
9738,966,8
9739,966,10
9740,966,7
9741,967,10
9742,967,7
9743,968,8
9744,968,17
9745,968,21
9751,969,10
9752,969,12
9753,969,17
9754,969,20
9755,969,11
9776,970,7
9777,970,10
9778,971,17
9779,971,14
9780,971,19
9781,972,15
9782,972,14
9786,973,8
9787,973,17
9788,973,21
9789,975,7
9790,975,9
9791,975,11
9793,976,14
9794,976,13
9795,976,19
9802,375,7
9803,375,15
9808,977,7
9809,977,9
9810,977,15
9811,978,13
9812,978,14
9813,978,8
9814,978,19
9815,979,17
9816,980,12
9817,980,15
9818,980,7
9819,981,19
9820,981,13
9821,981,15
9822,982,13
9823,982,14
9824,982,15
9825,982,9
9834,983,17
9839,984,21
9840,984,17
9841,985,19
9842,985,7
9843,985,15
9844,986,12
9845,986,11
9846,986,22
9847,987,17
9848,988,13
9849,988,8
9850,988,7
9851,989,19
9852,989,15
9859,990,18
9860,990,17
9868,991,13
9869,991,24
9870,991,12
9871,991,8
9872,992,8
9873,992,25
9874,992,22
9881,993,8
9882,993,21
9883,993,17
